,text,time,hashed_value
0,@nonquickoatmeal omg you're right. horrifying. delirium. wish you were coming on our weekend adventure!! ,Tue Aug  6 21:23:09 2024,8201a1f29c5c077bda3d4bbe4e735535602cf10e6c2bb6940fb3d1a4f836df4e
1,Today ill go play some 360 because im sick ,Tue Aug  6 21:23:09 2024,152714eec5373d0bb6616ec3c093852486eaf3356969bb08d949e18a402edefe
2,25$ only gets me half a tank. ,Tue Aug  6 21:23:09 2024,7758533edd247f55a4501645e13f01456d8504dd9defe42206d10166077f5c4b
3,Heading out to a work day with church peoples! Then will watch them play paintball; can't play myself due to herniated disc and stuffs ,Tue Aug  6 21:23:09 2024,6b14624bb7565093f2f11ff6df68355ae8adc1537aa3288aecd72dad0117d36c
4,Miranda reports after having 4 wisdom teeth removed yesterday: &quot;I ate some green tea ice cream in the early am. I couldn't sleep.  &quot;,Tue Aug  6 21:23:09 2024,dc78a285d6cdccf87b976494423f951e604ef523bc80ae21a22f0c44e40c8c75
5,"im soo freaking craving a good sandwich...or something, ive been craving to eat SOLID food instead of noodles all the time ",Tue Aug  6 21:23:09 2024,db64dde95afa9a9d70825634c4341b06031b05e45a6e3c9fd363343793ff82bf
6, its 10 am nd i cant sleep any more nd no1 will wake up,Tue Aug  6 21:23:09 2024,c8e7e387508f2bbcdd29e23914d2d68c0b0a8957e9d47bc157cf82e56ddfa68a
7,I think i'm hungry again  - http://tweet.sg,Tue Aug  6 21:23:09 2024,825acbe59a039ae591e23231741391b3eed74c362afef329ec8ae84de360335e
8,@NaomiLovesJB_x Not in the mood to get ready ,Tue Aug  6 21:23:09 2024,8b79af52168d0818dc9b2c6b1670a9d6ec3a9eade74cacbc8ea626b853260a00
9,Short run today - 1 mile in 9 min 30...  ,Tue Aug  6 21:23:09 2024,218482bf5c24d0d62544ad3e6918fa4e4aea76139a8b9d06bcdef555b7be0b9e
10,My bangs are all messed up. ,Tue Aug  6 21:23:09 2024,920e9209264caa4b356b7969f8bed532304308cfd3351419a7af47296b630cc4
11,i miss you  http://plurk.com/p/13w4fg,Tue Aug  6 21:23:09 2024,78c9aa1381069e3ff9ff6d73d9fe61e369de9e2568ed10bf63e1051541e48a51
12,twitter is in meltdown haha!  I don't want to follow U.S. sports and fashion freaks go away.  It won't even let me delete them! bah ,Tue Aug  6 21:23:09 2024,a63efbf45f46cc2b80de5aede910e3a6d119348c55f896250555c52a34a99314
13,getting ready to paint my bathroom cabinets ,Tue Aug  6 21:23:09 2024,f8d154593071cd6b3cdb067f0af23c06136f5e86b0ff3fdba59cba7bf471856a
14,@kv same thoughts about pre. But its going to be near 30+k in india I guess ,Tue Aug  6 21:23:09 2024,8884a0e8a71b93a597c51c5dc91916832e6047823317e8db2c42ab898cb67b20
15,I'm soooo shleeeeeeeeeepy ,Tue Aug  6 21:23:09 2024,69acbeb12e353cd5e1c791bf863ed1fc11e59162099867e2f751493d2f0fbdc8
16,@dbowen57 tell kels i wish i was there ,Tue Aug  6 21:23:09 2024,92c82e0dac1124e5ebd631d73e4e67532599f2b17cb7ac3db96c73677f20491c
17,"my leg is still hurt, ",Tue Aug  6 21:23:09 2024,9958ddf63e1cf7b8952d0f8a0c985efe7262b3b0587b00465430d1c2ffd98a91
18,Yoville's buggy today  Someone call an exterminator.,Tue Aug  6 21:23:09 2024,6c7058d64443551dbd6b8a19fa53e93d097bdd3c3b493255653524602cbcb378
19,really dont wanna leave my class  we have so much fun together!!,Tue Aug  6 21:23:09 2024,b8ca4807accb89b2057f07f40c31e1ce4e1b17c300e5d08ec9d3866b311a3692
20,is too hot  needs ice-cream =D,Tue Aug  6 21:23:09 2024,39ad6af66cfb5f038717c2fbab7d3a87d80a6f89fce044c352a3472608fcda7b
21,@DatMad how was the party I wanted to come unuh ,Tue Aug  6 21:23:09 2024,7545f4cc3dcb99849130ba7209a689645c9b0a04815f7bc2b2c42e325bdae250
22,i miss my good friend. been a few days already. ,Tue Aug  6 21:23:09 2024,68d8d26cfd3347f9b78c0245fde715a40b8eff5331849db8c4b5e7a204be9e85
23,can't believe they blocked twitter from work too! ,Tue Aug  6 21:23:09 2024,08668a5d4d7bd5f80adffb75232093a2ddc13a3defe50ab6e4149a478744f532
24,"Lesson learned, no more all nighters when i have to work 430 to 130 ",Tue Aug  6 21:23:09 2024,056b4b23f26a1025296a94f87856111e0f573001f30415ff53158fea73a0a719
25,Driving back home to dothan! Work this afternoon and ethics assignment  Bleh,Tue Aug  6 21:23:09 2024,f261fe312c52994739e56c0e762683a5b85957a1c36aa55af27c11129e03a336
26,I hate it when people yell  some things are just so unnecessary,Tue Aug  6 21:23:09 2024,d15a727d9a16dd6e965d9aa5e7de149585ce780002fee08cb794707034cb1812
27,http://bit.ly/HudH1  i wish i could sing  im listening to this instead of homework hah,Tue Aug  6 21:23:09 2024,f6e6d5d0bdcbc6dcb3c8b8180ffd9e26112b7f926823ec68f643f81d8dc84304
28,im up waaaaay to Early ,Tue Aug  6 21:23:09 2024,bd2980f35f3bfd45b2c10f242c9b6cefb90416579d3df57b0706efb337f75795
29,@dtanton nah  I don't like iced coffee give me the real thing!,Tue Aug  6 21:23:09 2024,566c21016ef4fead2c0c525ccd75f7e0def1464d3c1a1bd3b7d1c58f783b9aaa
30,@iDeKay i love TACO bell aewesum as HECK but mom nevar taeks me there but once a month ,Tue Aug  6 21:23:09 2024,04232aa91ac80cf3573312f1578acf4f8491d45ec47998ad044f31798af01a55
31,@faerieimp ur bb can wifi? Mine can't...  Keep updating then! ,Tue Aug  6 21:23:09 2024,43c3f269b54b6e4a957deda48f0dc500a9b801354c937966ce25f56da588582a
32,Its FINALLY my day off!!! Yeah for me!!!!  It has been a long week.  Now to see what is wrong with my CAR???  ,Tue Aug  6 21:23:09 2024,77f8bc5b550dfa8f476c3bb52ee0cfeb46afcdc737baa1d61c378469d0d9d984
33,HELP ME HELP ME HELP ME I am bored like hell ,Tue Aug  6 21:23:09 2024,a2897b2f95f3615334f468ba8f97f30d2427a276951615e2f18d67cf42f95dd4
34,@1iranian i'm sorry... i know that not everyone has twitter... i was just retwitting ,Tue Aug  6 21:23:09 2024,370280abf30fbaea0d7482ccc60286aa1fca9104cfe95d4ba0a8d8cf55a46299
35,"Morning, wok eup too early ",Tue Aug  6 21:23:09 2024,39f8055f350fe770121bf088e8e6fe2900eecf471322b907317891e9a5793465
36,Ohh m ge..eurgh cnt hear nething wiv all the drilling goin on opposite..too too loud! bring me some ear muffs argh! ,Tue Aug  6 21:23:09 2024,b1267aae51f89b4f72c09dc51a89ecea5562b00530b380b9af9c27ad20f737db
37,why won't my background change? ,Tue Aug  6 21:23:09 2024,387f79cb464fa36ce038db8399ec6eafbc2ac628708f56bd8f241f3b79d9d925
38,boo for Blackberry having extra characters for texts. ,Tue Aug  6 21:23:09 2024,45f46b6a742dee1af6e1db91910bf75c851e86bf748fdb3db3474fceb5a3e735
39,@T_Roguestar  This is why we can't have nice things,Tue Aug  6 21:23:09 2024,0f7c525cf3db9481ec8b27326382acda5bcf425b83eba1441167a94bbac9e328
40,housework is calling ,Tue Aug  6 21:23:09 2024,2b40f834a34d17bf33fdd69a9ef5af88046a061fbdcf53a4867b2a9e34ffd01f
41,Eh where is the sun gone???! ,Tue Aug  6 21:23:09 2024,31c18aeab664f545262d88ddf29f21c75fc85505555f1edd4aa4ced0c8ae9e11
42,GOOD MORNING FELLOW TWEETERS! packing for my trip to Panama City. Gotta million things to do today including a Bio exam  hope i finish up,Tue Aug  6 21:23:09 2024,82ccf6e58c53fb4dee617c59a941ec26e8c6f922e3276d7470f26aaa00ca65a7
43,"Yep now gotta fix a flat, my spare tire is flat ",Tue Aug  6 21:23:09 2024,e42f063f62f50dab1c4866193ab621237f72f1c87a9015b4df1d66496d808dbd
44,Why does everyone feel that twitter is boring?  I am so going to change their mindset. HAHA.,Tue Aug  6 21:23:09 2024,21c59cce5a176441ef251a5291d7ab304ab7b2916e1caf67eda65b93cf4879df
45,Kid in class got my sn. Smh* it was Jo ,Tue Aug  6 21:23:09 2024,187ad1d4348acc7c4c85c5662820c265cdc6945cd89a86f62e076df004db2872
46,How did I reach 25 without a single best &quot;friend&quot; male or female? I have plenty of &quot;associates&quot; though. Clearly this isn't healthy. ,Tue Aug  6 21:23:09 2024,dbfd1e2f103185bd7019ec17c2902c90b52032ffbc301c959ffcd19e6a0346b5
47,Cant wait to see my baby on tuesdayyy. . miss u   Xxxxxxx,Tue Aug  6 21:23:09 2024,6354a4d98caa45e2a64301c2a4fc7483cec19481953642f46d9d251736e9df99
48,floods in the Czech Rep. AGAIN ,Tue Aug  6 21:23:09 2024,800924b356df5cad20e013272f4cc8d6d8c57031a555bf76e5fffead9a77696d
49,Rolled my ankle at work last night. Don't know how well I'm going to do with training now.  http://dailymile.com/e/zHX,Tue Aug  6 21:23:09 2024,ea71a38b784dc0b4e3bb6edf476d45712d858f8a80fbfa519417311879a7de18
50,@mbd if we 5 are successful: 200 sadarses. If we are not: 5 sadarses ,Tue Aug  6 21:23:09 2024,ceb529b5a395f2da4d5e0ae8c5ca32dcaf6721bd9bf99d3c825f3003ef0590f7
51,Still looking for good news which is represent peace but i think they are really few ,Tue Aug  6 21:23:09 2024,4a2948c972493b79e84a49c5876f076ffdf3c70fe16cc42cc2ee7ea14d3b97da
52,"why did i choose MBA!!!! whats the point in doing 1 thing that everyone else is doing, i thought it didn't need brains  uaaaaaa",Tue Aug  6 21:23:09 2024,c12310f128bde1792d42affa7727eb9af7ce87de47bbc2d10f9b79ec4f106a35
53,"I miss you , my honey  Come back......... please",Tue Aug  6 21:23:09 2024,3e301d48f3471826d6d28258c76367e854c6572f7436081e970a08055ae678a9
54,awh am currently an insomniac I CNT SLEEEPP  need sick rest  tomrw is guna suckk,Tue Aug  6 21:23:10 2024,fa8d6439f85d7761b51ebd0aa90986741d500fdae8e92338aa4c09a09e198860
55,"@Emsparks i had to time to go buy one before dance either, and right now i cant be bothered to go to the shop as its to hot! ",Tue Aug  6 21:23:10 2024,4f35041d0a806ea446347ff4825943e5fbff7e3ebd7997f368c779622d071bea
56,Sick today  coding from the couch.,Tue Aug  6 21:23:10 2024,7c86b4a6ed3a8bb9563dc58f7852c1abc8b7784827876f55dfd1cb6b687b5e05
57,school  but last day =D,Tue Aug  6 21:23:10 2024,7a32fe968caf26165baed8ebd7a478647ddd9385f4eb7c9a62bc503c8c90bed3
58,such sad news this morning...my thoughts and prayers are with my friend brian and his family ,Tue Aug  6 21:23:10 2024,22097be23e134b7fb179aac9cac05d164a3499177b5f0496f20c9c6ba553d31a
59,such sad news this morning...my thoughts and prayers are with my friend brian and his family ,Tue Aug  6 21:23:10 2024,22097be23e134b7fb179aac9cac05d164a3499177b5f0496f20c9c6ba553d31a
60,the weather is soooo great and IÂ´m sitting here in the office ,Tue Aug  6 21:23:10 2024,fe61ba79d164891150f85785ed03e7fc0e16aeae1d27641810b06f1c643b6ae3
61,"@PLPhotography cool thats wzzup, damn u saw it already lol , I jealous.. shit tickets prob sold out this week ",Tue Aug  6 21:23:10 2024,9a8fe9636defc58277b065e1e50e8152fccb56369a057626302be92841681dd0
62,Taking Grandma to chemo today. I hate hospitals. ,Tue Aug  6 21:23:10 2024,a859f8e87185025d0de105f36dce9c25882bc97b1d2bc8f780d54e35ae453987
63,delaying the inevitable... Work in half an hour ,Tue Aug  6 21:23:10 2024,9a3a8c5988aa350f18c95b89dbd2ba85d753c8eea960b6d77042dd884a7ae46d
64,@KennyAshleyxoxo i need to know the same ... ,Tue Aug  6 21:23:10 2024,b21d85ce643ad30967e31719821d102dec2558b1e51ed753b03c480963f5bb98
65,Too many people at the starbucks drive thru!!!!!!!!!!! Ahhhhhh! I guess coffee from the grungy old office coffee pot it is ,Tue Aug  6 21:23:10 2024,e1ad25f0c7156b8fb35e71923cdabbfa170a72eb83497598d767f63af4a23245
66,i guess ill go back to work...   ,Tue Aug  6 21:23:10 2024,525af26c02ddc15fb16c0215b5225343b492887a2eb85f6e7bc6635caf52f425
67,Missing the boyfriend. ,Tue Aug  6 21:23:10 2024,8267407bd8b4e02fb234c7ffcfefb0b4af3d602757eebdc769f9d0a15f761185
68,I miss my hubby  gk ketemu 2 hari...hiks,Tue Aug  6 21:23:10 2024,a7f5db87183a3dda4c7c1885e7de360c94ec8f1388b50ee6f0e685f4e3baf772
69,@sivajayaraman please - I have stopped taking tea/coffee from the vending machine.  I drink a glass of hot water instead ,Tue Aug  6 21:23:10 2024,87d66b569f5708edefb411d640dbd7cf46cd02be8f0d43224c6f18d3ad9df987
70,Sitting in traffic just crawling along I hate construction ,Tue Aug  6 21:23:10 2024,e474cd6ead8279216c63c7aeb9877e5bea9aa1ceab25bc89ce52948ba0047f7c
71,I can't wrinkle my nose anymore ,Tue Aug  6 21:23:10 2024,562835f8307ae7ce0e908ea63b817ee1066f00b845504f11c271757ae4dfe475
72,@purplerazberryy TY bff. i feel like i haven't seen U in months. hope U all have fun @ Ronnie's party.  i will take all the drunk dials!;D,Tue Aug  6 21:23:10 2024,c1be49b4d8415243ebebb3ca9599c254d412c058bd960b6f1bc2b4e04c9f2f5e
73,wishes she was reading a novel instead of faking study for her exam tomorrow. Pretending to study is really exhausting. I'm so run-down ,Tue Aug  6 21:23:10 2024,2a85eba109bc21151eea1a987018819be4204dbee1dc2c7a66a1de88ad34b0f9
74,Wants this pain to go away so I can go to YATEC. But I probably won't be able to go. Blah ,Tue Aug  6 21:23:10 2024,6dc1e492cc5ba90d89b2ffed1db867a5ed67ddff01d4c29d62de72e9fd27d5fc
75,@missyelam But what would I do without my tv shows??? I'm addicted to Showtime. ,Tue Aug  6 21:23:10 2024,d3b78b3b581adad79836baf81e4988f6bce9c7260a6532e84988947841aa161d
76,@velmalikevelvet Hmm...maybe it's best if you hold it (then I don't have to pack/unpack it!) but I want it NOW ,Tue Aug  6 21:23:10 2024,cbff094fc59d5cdfaf06556960822ecc9ba5230796f356c047f33887965d5229
77,@whatcassiesaid i have barely even had energy to leave my bed let alone the house  it's kinda worrying me now,Tue Aug  6 21:23:10 2024,9d5ecb987e71ac85f57a7dbd05d1e2c8c407fd0a8c1abf08c7fefd273aa6499d
78,is at home watching Criminal Minds and then Las Vegas and then.... forced myself to sleep!! ,Tue Aug  6 21:23:10 2024,dedf662c4b919714c9a5547de828e66b938494c28b7f0fbcdcb8405f4f8724ff
79,Going to the final Third year discipleship  then off to bowl and eat ice cream with the #GTAustin Staff the @GT20mobile Great day,Tue Aug  6 21:23:10 2024,f0f41d9ba9c9f5aeea57e1257bc0b7818c1dbf9d2ae7ac18e3a3ac6ddb0412fc
80,back from school.. Hard day ,Tue Aug  6 21:23:10 2024,9ff7c7e9e175495fa8703bfc3cdef90f5b54ffd4bcd30fbd41179b2af6065a8e
81,@bballgal_508 hey jules! i know uve prob texted me somewhere down the line... my phone's not working right now  r we still on for July 4??,Tue Aug  6 21:23:10 2024,050ca35992425e0d66846ba3bfdd83854028610eb3cc33af1d8352859e52c215
82,And all the horses have small cuts on there hawks ,Tue Aug  6 21:23:10 2024,3c0003c5ab7ce0b12dc3a6490a636078d077d8693cd430109139436ba3831cac
83,@avengedpunk GTS you mad woman!  i want you to feel better!,Tue Aug  6 21:23:10 2024,41b7db5b8a53b39f4ff5392c38372ce4a1f848c0d56eb4f0270a86343d640f10
84,Is back to reality ,Tue Aug  6 21:23:10 2024,7dfe84acf50f07c1455287be2a48d437d3e7e0fdfb6d3455ad26e03d6c5b8548
85,Working in College Park today 9-5. I hate new places ,Tue Aug  6 21:23:10 2024,5c298f1c14e352b809ae4fdf4e4140599642c9f783992a9e05adb6249ff0a7b4
86,"is jobhunting, it fucking sucks when you're in direct competition with 3 of your BFs...   ",Tue Aug  6 21:23:10 2024,925468bc4f66b5130fe6af24dd6ee0bbaa1d7e97cb5383ebcdf22f25066a1bc4
87,So.screwed up getting the morning suits for my bros wedding  now alex and I will end up in spiderman costumes ( I kid J. Will get sorted),Tue Aug  6 21:23:10 2024,6548dece9fde371c6301c8b5c3bfc4c70415530b6b79e9911593a9439869b27b
88,"@JustineCullen no he was the right one, he was the only one and as usual I screwed up, I think ive lost my bff also ",Tue Aug  6 21:23:10 2024,a04497b817a0cd72e5ce0527df1373f07c5943ea58b49acc95f2cb476a943d87
89,is bummed out.  http://plurk.com/p/13w58h,Tue Aug  6 21:23:10 2024,0bd9f743f001e848c8cde38f9171a6be5439facaf4968a1de680d5b6d6d24efe
90,doesn't like dogs who chew on books.... ,Tue Aug  6 21:23:10 2024,b5224acdaae051b833b4a948c2468773d22d7314520f5092f14b6585f41fda96
91,feels guilty for lying.  this is y i dont lie.,Tue Aug  6 21:23:10 2024,2bf310cdfd967689704670f9aa164f528dec60f5b16aa2d9ad41cc32510651d4
92,It's only 10 and it's already SO hot. ,Tue Aug  6 21:23:10 2024,2b45ff0970648254727e61cbddfa1e5a8c011a8ab6e378363a52218121fbe9f5
93,Afraid of what's gonna happen when Howard gets home. ,Tue Aug  6 21:23:10 2024,1c9675c6615ea011dada7d3761decfda68750f0c06d75820848c53513bd5f9cd
94,http://twitpic.com/8dcd0 - The leach field and septic tank debacle continues.   ,Tue Aug  6 21:23:10 2024,b1fcbe6b45b628346752973dbbe090668b557b1950db7adf1907c8617226620f
95,Wish I could change tags for past posts  #e2conf48 to #e2conf47,Tue Aug  6 21:23:10 2024,a02546757f44b7a468ed97c02b965d1c324d4becff12320ec81d8ca5a0120f0c
96,"Once again my debugger won't attach to a Silverlight process, and once again I have no idea why ",Tue Aug  6 21:23:10 2024,0704b40d168c733b485dcc7940c02c0c75c49b0daaf49a48ffd4464ed6bd472a
97,"i don't know, i'm so confused ",Tue Aug  6 21:23:10 2024,e360a31c033f701159632681e26f5762f346e0c7ad8781eba1a9ff1dd9d4ec62
98,it feels like i'm coming down with something...  *away! away!*,Tue Aug  6 21:23:10 2024,158df6772759c2242847d38f8cfbe30cb1181ae356678d1aee5451e459042f0c
99,"@catnip Oh, if I wasn't full of the lurg I'd bite your arm off for them - was lem &amp; didn't get any ",Tue Aug  6 21:23:10 2024,78839dec920c16ecc066ff86dcb4a1a818723c16e9e3c27cac0deed5c6741b4a
100,The results werent  good...waiting for more info ,Tue Aug  6 21:23:10 2024,6f4f21cd10c701801b22dc6c52135abe30d35bc9fa1f0028b390eab8c5bd9a41
101,"@bobby_todd No its wednesdays, I hate.. ",Tue Aug  6 21:23:10 2024,85c382530cff05c524fd723f83107bf40ed0140b50442ab650a592d3158aaf03
102,man its sooo nice out...but my back hurts like no other ,Tue Aug  6 21:23:10 2024,85ad1ceccf678421044a37606c6b9c75ffaf76968712ef9ea4b814d72bfe13ab
103,"Was running late to my train, pushed my bike so hard I dislodged the handle bars ",Tue Aug  6 21:23:10 2024,e676fd99a186bbede33bc949f1a7ab7ca761dc9228336b5e5d3be7e9eefa3df4
104,Not sure why I try to give blood anymore... it seems like I fail the test 2 out of 3 tries  ,Tue Aug  6 21:23:10 2024,30b8df9e3e879b04de60afeb65fa5a5626af2c9cabc370643a9db33f4ed80363
105,is so so tired...omg this day is gonna suck ,Tue Aug  6 21:23:10 2024,cbcaa749ff13af813736fa76bbba4664c4f070ca2fb21dd8dd32b5c8677a89f9
106,can't believe it has been one year already.. yet the pain I feel whenever i think about it is no less than what i felt before. ,Tue Aug  6 21:23:10 2024,7b91c3b5991cb95ea8b592800476be93072608a6fb3256c3520d6c8d5c01b27b
107,"@sueupton Be glad it's warm there! It's been rainy, dreary, and cool here in the Northeast  #dumbledore",Tue Aug  6 21:23:10 2024,168748e668bfc3988f77424a397872f66261cf61b28fb9f3dde43390e1673f49
108,"Thank f**k works finished, now jobs at home to do ",Tue Aug  6 21:23:10 2024,6ff11cfd56b03ba7b7561f04b85b12bce31bdc5aef18abda76c5d8fd95ab9b52
109,@launton d'oh chaffing would make for a very unhappy experience   I shoulda powdered,Tue Aug  6 21:23:10 2024,6867e938a94f06d0247afe7cd84d87406b8b644477de38241b6508c46d73d354
110,woke up early  helluh tiredd. text it(:,Tue Aug  6 21:23:10 2024,1350ef371b4f253ff53feedd5a2ab6c15721a2043ff16bc37212482bed98e5c0
111,Yup - late for work!   But not nearly as late as the UN an international &quot;human rights&quot; organizations are in working to free #Gilad !,Tue Aug  6 21:23:10 2024,310a4a1d5ae2567ad924d6916fad8a648706d8855b524a978ef0b814375cc2c3
112,I have a sunburn. That really hurt ,Tue Aug  6 21:23:10 2024,55f425be5bba629e784839a57ed8a050dc93c98c1503f93a62c79812cf563725
113,In class ,Tue Aug  6 21:23:10 2024,a3ece7af6bc1c29a8546e8f4db9732e8f74947774f01ce735e5c6d94cfafb7b1
114,"feeling soo dayum good , its too hot to go anywhere . ",Tue Aug  6 21:23:10 2024,4df0aafc2c3ca5e619062ae2ee6538342da0c3444c80077f945b5ec989d31fb0
115,http://www.oceanup.com/3.html nick testifying for diabetes. he pricks his finger 12 times a day  We need a cure for type 1 diabetes!!,Tue Aug  6 21:23:10 2024,ab8236c5b26450bf666c3a971871fee38133984b42594cfb0ff39c1c7ec75d72
116,"hmm what to do today....nothing as per  wish i had my car  or even better wish people would remember i exsist, haha -_-",Tue Aug  6 21:23:10 2024,6eabbff2d993822163d00c2fe518bcb1a786300f19634a79da87d8ef0657dbd2
117,about to watch &quot;he was a quiet man&quot; anyone watched it? scary yes/no? thoughts? its 2am so warn me if its scary ,Tue Aug  6 21:23:10 2024,5772d3da6c3f7ee5133edb022cac42bba637c940ff494ce25af84dc5b4782c46
118,@kellymccausey Can you believe he's a year older already! It goes by so fast ,Tue Aug  6 21:23:10 2024,a474e05e8ef03f49629ee9d568e2acdce1bfe6606862d87d1eb40620148f7f48
119,"I'll definitely missed the net, the aircon and many stuffs when I stayed on the dorm already.. ",Tue Aug  6 21:23:10 2024,9e90847c0d6ac217c927227dcf42c0498a2db56f743b643b5a23b243576fcf00
120,"@Rachelle_Lefevr  Great interview this morning on KAK. Hope you enjoying Australia, pitty you couldn't make it to Adelaide ",Tue Aug  6 21:23:10 2024,4d7d512335bc68eaece3d7125ae48957804ba1aeb0e04e39dacf8b3de80008ca
121,Can't w8 till next weeks pay day already this weeks shocking pay ,Tue Aug  6 21:23:10 2024,fb46c8cd7dbe54f1e7f2438553510a57807a6020ce31cc97c13e32d689ad00ec
122,@yqlairotciv I think I'll miss you even more! Aw. ,Tue Aug  6 21:23:10 2024,e8851c55e51dcdff529c465a08d1050f78712cfb05e9d8aa440884130698f96d
123,@marshallbu *shudders*...good luck with the test. I'm all test'd out. I got class and homework for the majority of my day ,Tue Aug  6 21:23:10 2024,12b9958c6a2890921d25ed4135dcad6de092327152402252655e1357e392a8a2
124,I wish you would just stop ,Tue Aug  6 21:23:10 2024,54f9aa3953b7b81c7f936f5e2c78f95529e5283f4ccfd561a5935098bc1303c8
125,@freakgoddess okay thats it ..i am real hungry now . thnks to u i m also craving for reshmi kababs but can't hav one cauz its thursday.. ,Tue Aug  6 21:23:10 2024,e26a7c5bbf161d00642b3896681dd60e35a2c3d09d1d896c06796e6da67a422e
126,just spilled my cup of coffee all over me. it was so embarassing. ,Tue Aug  6 21:23:10 2024,0a18fee4c4349152f3b1757f0c31ba8de2ce6cff86e4fbb0f35e1463c5549ca7
127,Talking to Jonathan on the phone ,Tue Aug  6 21:23:10 2024,e50017181d312ea6622d66df2b78e2155cd36ebc683d1d958fca9dfc4fc3804c
128,I wanna go to ibiza now... O cant wait to aug ,Tue Aug  6 21:23:10 2024,e8ac447c09fb410196cf1579203c78a381a189aded1938471a4993e1579800b3
129,"@Secretshowcase a damn, wish i could make it bro ",Tue Aug  6 21:23:10 2024,1a2db159c6bbf27a50a8d564cbe5e4c9d9c00d3462516f44e70724ca467647d6
130,"@JessieHand ugh i know, stupid clouds!! i forget what the sun looks like! i cant go to aqua sunday  im pisssssed.",Tue Aug  6 21:23:10 2024,50976d6f7fd40dc7f646bc3461cff2962b8b8dacf69dbe6dfe90d37cc22cdf20
131,Leavers Day tomorrow...I don't wanna leave ,Tue Aug  6 21:23:10 2024,6da77f3e95c4de43e9b62d801b712956cabe6dfe41cf399d9cb1eb8c9f85a0e4
132,"Is Still @ The Office And Running Late!!! Om Half 5 Een Meeting In Amsterdam, Ik Ga Het NOOIT Redden ",Tue Aug  6 21:23:10 2024,1604c8545f0a1e4405f1496c46c886533c8e114071ff39ac55208760d5e825e7
133,#22725 - The Anonymous Hugging Wall in London .. I want to hug too  http://viigo.im/01yT,Tue Aug  6 21:23:10 2024,63e584b5fe59b0427703f6f6915f348e53d830feb376f134a7a4da4845e33a3f
134,@elaineching i kena before so do understand u guys feeling ....  my 3 previous LV gone !!!,Tue Aug  6 21:23:10 2024,a6c16830c36deeba4ff850c1112fa48f51c272b338f78bce3795416979e30f1f
135,At Erica's house responding to emails/messages then headed to the pool for some Q.T. with the cuzzos and homeboy before I leave Saturday ,Tue Aug  6 21:23:10 2024,7ffbd4602b01116a799c270b7e662c4056897da4ab551ce79252f04a6b8a470f
136,Lol cheer up fat Asian blob. I'll see meeeee yay ugh I bruised my elbow today cleaning my room ,Tue Aug  6 21:23:10 2024,282d6ebab92ccc813b7b8cc224521dff050fcbd738b0938aba414d099829a754
137,i feel like shit ,Tue Aug  6 21:23:10 2024,d4904b26e8cb2596bf15e3bb0a45fa62347dedd47ef0dc814b6975a6e048206d
138,@BrianNippon do you have those Hate demos? myspace blocked the links ,Tue Aug  6 21:23:10 2024,97350098740bdcab9f14efde0912c05cedf91a09e01b3ace17ff3b3fd247b9a3
139,@TexasFella68 LSU - I heard  Crap!,Tue Aug  6 21:23:10 2024,59d1ddd1cd64310dd3dfdfbd5ad874b9110be1126723a0a4bdc890b4b7dde2f4
140,"@moidem frst off, happy b-day belated...2nd, its not alwaya that simple ",Tue Aug  6 21:23:11 2024,ce70b6207c15d2ef81fd2bd16e98d84bd1b815993f0efb5af174cf7514bad6cc
141,European championship gets closer. Just 2 month. And my horse is still lame ,Tue Aug  6 21:23:11 2024,d4067650e3e6568b7096c24b1b4b3da15a589ebfe59320896adc63bcd1de76a1
142,nuts. apple store couldn't fix iPhone &amp; can't replace international ones ,Tue Aug  6 21:23:11 2024,5cef4b006a94e6f6a7d6fe504c3b8b0c4a3fd271eb02de52891368a2649bbd53
143,@criistina26  just when i appear you leave!  hahah talk later ok? love ya girl! â¥,Tue Aug  6 21:23:11 2024,d33ac9b4dd39af44e520113e59ce41851a15414bc044d2eeabfa34b7aa01bc1c
144,Does anyone know how to treat sunburn? ,Tue Aug  6 21:23:11 2024,07707adbfb77d6b63b1a55ac0ae7cc33f47fb2e661f5a5647c607f5f224d8b95
145,"@aada Try to have fun, even though it sucks so badly ",Tue Aug  6 21:23:11 2024,035f56d4901e3116e150a995358ea432549e6febc60f624f8c53ba4956756a50
146,"@fauxrean haha, I usually don't have a hangover, but this morning I woke up w one.  Sucks.  ",Tue Aug  6 21:23:11 2024,9469ee737516652d94b83f741f00cb626468486ec7f8eaa943a584e7d83755c7
147,@Richard_RN I think you are pretty much right on that one. ,Tue Aug  6 21:23:11 2024,3966334127de504643753ed88b9260708f545a19762023a572da656a4f1c4087
148,can't get any ticket.. ,Tue Aug  6 21:23:11 2024,3ee8ce76eec9e1f4811ea2a90f2f14c380f38f713c59882ca5fe3c883d514da7
149,Wishing she had mula baby to bo get some tacos from the taco lady. ,Tue Aug  6 21:23:11 2024,3b5528fa030b31285d6d165f28a8b1ae382c43db18e3e42001c1e74614012eb9
150,"@Alliemolson...allikins, man we need to get this thing sorted out soon love! you know what sucks, im working on canada day ",Tue Aug  6 21:23:11 2024,f2e38a85f7dbf27d01e7b9f0688e62c7d91f853cb9169f517c120045e3b5fd7a
151,ay! i think i have tendonitis in my right forearm...it'll feel like a rubber band is stretching and hurts every once in a while ,Tue Aug  6 21:23:11 2024,605fc70664a5d4eafb9e0355d78775c826a33ea27ba9dc0db8e9f5e70f703041
152,@jeffbowes oh jeff look what you did! @homelessamerica is following me now!! haha im  a jerk ,Tue Aug  6 21:23:11 2024,5e0564772d4a218bddb25db852ae5f90b7426cffe5310dc4e3bd3b4240ab9e11
153,Another exciting game at the CWS -- but the ending was a dissappointment.   Better luck next year!,Tue Aug  6 21:23:11 2024,5a50a69f24671b9a004211a2877d45149304604aa2e45190116c5e1fb0550385
154,People who can't remember their passwords shouldn't try to tweet ,Tue Aug  6 21:23:11 2024,eca00bec3b24f2d3dad3b83a7cbf2e9e0d711099d539351977933b67a130c82e
155,"Sweet! Going on a boat cruise today! A 3 deck ocean liner? Wow, I love my job already lol. (Going to miss nba draft though  )",Tue Aug  6 21:23:11 2024,d9347440e4fa8ae88e9f9190111c2d28082e180aabffabadef66aee720ceca74
156,Am rocking a Bryan May hairdoo lol can NOT be arsed straightening it but a need too ,Tue Aug  6 21:23:11 2024,4f4da3648a043db4965f39886617e39c215d79b51a870fbe9464b08366a75f86
157,My Son got sick all on delivery  driver then bumped car in front. Every1 fine except woman pretending to have whiplash. shes delusional,Tue Aug  6 21:23:11 2024,ce03bf8f8fff0ce6f413f45a0aa7a500331d327241c02e111ed450bfbd2f5a8a
158,OMG..last night Brii fell down a flight of stairs at a relatives house  she is fine...just sore.,Tue Aug  6 21:23:11 2024,809728299a62efb94785bbb455b7cd79e85b70dc916cb85abd588378e2e59f7f
159,Well my water heater is OFFICIALLY broken!!  No hot water!! I can't believe it!!,Tue Aug  6 21:23:11 2024,b949b99ce7f411d2593ccec8e59eb1a876b174648f79be406e5837e3bae4fe64
160,"Read to head back up the mountain, but wishing I could see a good friend too, who's in the opposite direction ",Tue Aug  6 21:23:11 2024,e8d5396ff300d2f10f8e52dcec7c510654e52bb132d96f4e35593669546cb3ba
161,@han_geng I write for you again &lt;3 cuz I miss you ,Tue Aug  6 21:23:11 2024,16ac5b005270784c69cbce8dbdb47c4af3153cefd38b9fda8908d70dc2bf1764
162,"Crap: less than week till my exam and I haven't started the lessons yet, much less written my essays.  It's gonna be a FUN 5 days...",Tue Aug  6 21:23:11 2024,959aa183d4fa4ac8c7346d92ce0efd2af7ad57ad389f6c7c3ada220da7fef97b
163,isnt feeling much love today ,Tue Aug  6 21:23:11 2024,161ad12a7e40f1d60e956e160063dc442559ba8638c4788ddbc0ed072275e76f
164,@UmbilicalBros But I'm in the US!! What about us?? ,Tue Aug  6 21:23:11 2024,968513ca51e6d4aa80e3445b229d1b41bdfa3eb3e938918ad20002163901a4d9
165,@best_mistake http://snurl.com/kuql3 it seems like you need that video more than me right now. Get Better  I don't like seeing you sad ,Tue Aug  6 21:23:11 2024,eff6009f27f430ff702a5d2a31d2fd115cee6101ef4d02cb9a2ad3a2f81c6440
166,WOW @keitholbermann worst person in the world SMH http://tinyurl.com/ncavfb what a shame ,Tue Aug  6 21:23:11 2024,c1f82e8cbccb708054652c4736a38388a2d2e04df9856d7f6ccf66120d1f0eef
167,@TweetDeck Why wont tweetdeck keep the group members in sync between computers? mine are definitely not ,Tue Aug  6 21:23:11 2024,106da92e1dadf811cf4de41dc536102df24ca979f0ea7117e594087a589508c2
168,Thursday? But I still have 2 more days to work ,Tue Aug  6 21:23:11 2024,a28086767445b82a367b51351a2bb3dd8928d8144129dccda7cad3f3e0cd1d09
169,@ambersimmons i'm going to keep looking. it seems that every one that looks good to me (ie: tweets my post) has not been tested. ,Tue Aug  6 21:23:11 2024,f86e54473580c7e8df86d4b919019f7300d12699b4816bf388a377e6bdc7736d
170,my &quot;curse&quot; are showing!!! and I can only get rid if them after july 01  ,Tue Aug  6 21:23:11 2024,58c4f4f03ea93b5baa7998b66853e22aca843a25b06bba8db3bf4d645272a5b1
171,"Good news this morning.Wish I was as excited as everyone else  Will happen, has to happen, waited over 6 mo. 4 it. Make 'em proud.",Tue Aug  6 21:23:11 2024,60ed4541af8681c3317a61e6def9acb1c21de35ccde4987a8154765b89aa14e4
172,@zulacat mommy says I can't lay in socks cuz i will poop and pee on dem. ,Tue Aug  6 21:23:11 2024,35a078746051548e2ad98428b2bb4c2cf1583f28165f1ac89e3419c8b62af71d
173,@cookiecat57 Lucky! There is no sign of the sun here. ,Tue Aug  6 21:23:11 2024,643a09be98217e3c4a2731a265c556f65257bced76370c55a4363ca5db60805b
174,"dang it, had a meeting today but it was rescheduled to next month...i shaved for nothing ",Tue Aug  6 21:23:11 2024,10755e59edaa2f83b5d4f170b10c3df92a9761c7a2b1fb472600fc9c42fbfd0b
175,Markus walks! It's official. Just filmed it with my telephone but seems the camara wasn't on after all. ,Tue Aug  6 21:23:11 2024,f0e430eae7b429560e4fa2828d5478e8415b5652ecd4624352cad45d29e7575c
176,i am not a fan of dry spells ,Tue Aug  6 21:23:11 2024,67a9e8b78aa6fc9d3e9bfdb99ac3463e94130c2084409046b3a3aa43475c646a
177,stuck a whole hour outside home. i should carry my keys more often. ,Tue Aug  6 21:23:11 2024,1c3ba4bd0453e393b9bbd7e29a8b6b67ef190a49714c926b0e308f640c0ddc48
178,i feel sick. i think i didn't cook my lunch right :| and i don't wanna go to workkkk. boooo ,Tue Aug  6 21:23:11 2024,95779cabddc06cdab6d4f52f3ca896adc7ae450a2dca6de5af15955ee62f76ac
179,@MimiHotLips  my lunch was rubbish... just a crappy sandwich  Now eating my fresh box of fruit.. pic to follow!,Tue Aug  6 21:23:11 2024,38837b076d0c552d82c3c09c313eba6e381e58fbe1e323604c7c87c8afb32e39
180,Oh man. I'm having flu again  Please let me be well tomorrow!!!!!! ,Tue Aug  6 21:23:11 2024,6d06c9d5a0a292fb775cd8080c093595a846ca69a3c5a985ab1fa51d4f7647d5
181,I totally jacked up my neck an my back (and my crack). Would muscle relaxers help? Never took em before. Anyone got any? ,Tue Aug  6 21:23:11 2024,b995646666a4dad36d222ee092a96d28497ef885410594b4fc0741fa91472f2f
182,@ work in pain my back has been killing me!!! a old injury keeps acting up with the rain!  cant wait for this pain pill to kick in,Tue Aug  6 21:23:11 2024,099bfc97bc4ec2919685d3845897334e505289284eeb4026d5deb93be0645c3b
183,This sickness is annoying. Go away already. ,Tue Aug  6 21:23:11 2024,71279cbdccf114a52e0173f02b07e9deba8f7d0e7060c61ed9ae5d7cb99c53a7
184,Last day with the kids is always bitter sweet.....   I'll miss the little guys actually...  ,Tue Aug  6 21:23:11 2024,083f22bbb0267965b2e6666b9a6466052b1a2825f524ea007d93c213b5e48d2e
185,feel terrible on swimwear! Who to do? ,Tue Aug  6 21:23:11 2024,5c55074a129595749dc2e3cc6ddbbd78fc51810f7a076ddea640be9f2a73ec27
186,how to makes him understand about this......... ,Tue Aug  6 21:23:11 2024,868e16dc6d2ff748ec8134f900be8fa10ed86a997f825acaf8b0d6b138c808b6
187,In a meeting until 5pm  wondering when I'm meant to fit in my day job!,Tue Aug  6 21:23:11 2024,188c5157da47aa8f71448f55e42d54ca2cd0d3b6a18e6376dd4bd707ec1a3115
188,"Need to go jobhunting tomorrow, which means I need to write a CV... boring ",Tue Aug  6 21:23:11 2024,8ea68a30551fb55f80dc3aa892296b2f7c5f9068b8288730a178be11a7af59af
189,going back to sleep! I'm cranky ,Tue Aug  6 21:23:11 2024,b25982c160b72dec26d05524a543a0b9020ade15a9a573b03fbb6b0fa8f94191
190,"just locked herself out  god, do i hate calling the lock&amp;key service ... i seem to being doing that a lot lately *sigh*",Tue Aug  6 21:23:11 2024,10f3d4f07fc7f36e07d8a7b0045c2728012797626b5ed607adc563e9469fb894
191,home from school. have to learn so much ,Tue Aug  6 21:23:11 2024,dc1257b82f377df0e2a07b510f7af9f0f3259caf49573eb4c1cbd391d967fb2c
192,"@switchfoot Yup, waking up's such a chore! ",Tue Aug  6 21:23:11 2024,dd782305e6a274846128ebd1883a507692cc2c61649bc89756dd92ac6c433f7f
193,AAAHHH does anyone near EUR have an iPhone charger? I need one.  Mine's at home and my batteries are running low. ,Tue Aug  6 21:23:11 2024,c364063b4ddd876ec2466255ab1bb845f8d0070aceba530d5a9a3311150e0495
194,Mmph.  Too many hash browns at breakfast...or something.  Tummy hurts very muchly now.  ,Tue Aug  6 21:23:11 2024,024c6268227ef000bf473af86280da965c10d843c80981bba9870e137df10f5d
195,Have a good day @cp9549402809.. I miss you already ,Tue Aug  6 21:23:11 2024,7f9bc92cf0556e54ea5ef4efcc9b4b0399aa26b9e03eb49cfbc599812bf14574
196,"I just watched little league asia pacific baseball 2009 @ senayan. Whoaaa, but too bad for Indo ",Tue Aug  6 21:23:11 2024,3a6bc807803eebe1ed402afa54584596bdda886864954326938e1ea3a2851f37
197,gutted that i have no telly to watch Wimbers... more gutted about the whole Rafa thing  who do i support now my boy's not playing???,Tue Aug  6 21:23:11 2024,fc715c946ac1ed6acb6d9a2508019b1e5fe56fb4ab8443a0275ecb668ed2c5f7
198,"Here's the @eyeweekly ad for Comedy Above The Pub Tonight. http://bit.ly/hRZQn Still not in the comedy grid, though.   http://bit.ly/AChsO",Tue Aug  6 21:23:11 2024,a267d8624515d6fa59fc8a909b8e3d0ba41713e6f1ac9a2c9a3b1b221624c818
199,Have to do stupid chores ,Tue Aug  6 21:23:11 2024,a5e6f9b96b00cbf18ed6ddc308b60884c0f8e18d90e0c72b33712e0b2bef4a2a
200,@kellypuffs That is sad  What happened to it?,Tue Aug  6 21:23:11 2024,9e42c5b304ca622641a1d678e550a7c5a1831640b7a2236895a562e4aaf25712
201,paddy mcgunniess' older brother has been voted off coach trip  this is a sad day for Bolton,Tue Aug  6 21:23:11 2024,fb411a58281a2a072f97d1be67846b159ca5109b57c85af053493828dc3f6a29
202,life sucks sometimes ,Tue Aug  6 21:23:11 2024,ac88e1be9b5c542fc3360565de7f76bb54bd1f5c795c9c72fec28450073eace0
203,I just dont understand... Everything has been so good lately ,Tue Aug  6 21:23:11 2024,35d4359b4b801d0dfe7e4cbf024c23c572e5aef070e3e1c2a2a78d8a4313dfc4
204,"Sigh, nobody wants to play twitter with me.  Anyway, need to go sleep now and wake up to study!",Tue Aug  6 21:23:11 2024,9a862efcbad205275122a75b341fc2231cd223bd42df5ba94eb70c98e61fc020
205,@phiggins Doesn't it though?  I just cant understand the need unless there is something added that needs to be in the sys classpath.,Tue Aug  6 21:23:11 2024,c7c4b441cf079a061dbe4280edb906d913d4acc4391a1b65cb2c61eb26c8bd1e
206,@Tw1sty you're already pretty! ,Tue Aug  6 21:23:11 2024,eb22bf5ce8326e6cf208e61e1743ca1848b282e5a69e391183e39da0b3c28755
207,Just finished my sushi snack pack and realised I forgot all about the wasabi! ,Tue Aug  6 21:23:11 2024,c824ee7cea9f9b09193717d4fe348123d81411f297984f5308652cd64bd2b25e
208,"At acting right now, it is going to suck! ",Tue Aug  6 21:23:11 2024,25cee269a26cef1a88ae87e1f0b9fe5a9642c5ae2eaf4567e606cbea84e05b1c
209,"my life is going down the shitter right now  , but I do have somethings that are looking on the up and up",Tue Aug  6 21:23:11 2024,8bf76c2570e9c8b6d36c570a70200903a5d299e0b7eb0c7780b56311346ebbe6
210,I miss Techmex..there I said it ,Tue Aug  6 21:23:11 2024,390773cc540c333238abb6ce3df5b132ac795a44e299dcf88c75d0a81030601d
211,http://twitpic.com/8dcow - I didn't know what the hell this was until I went to the hospital and it was hives! Can't eat walnuts! ,Tue Aug  6 21:23:11 2024,77cca76ab1f11e0caf3e573b799b9a64f86c8af6111b8a0a0f3d583c3fd1061b
212,@lyrahs_ yup but she cant meetup on fri so im thinking if i shld still get it.whatya think? ,Tue Aug  6 21:23:11 2024,18b25926cc4f22a28fab6cef52841d2b35fd935a0d5b4d8bb64e64c6ed80f5bd
213,what is wrong with me... i'm soooooo tired!! ,Tue Aug  6 21:23:11 2024,9f7b8ba11751207b1c90451991a7785397ebbeb8ef40c357b42e0f46e8d56a9a
214,http://twitpic.com/8dcp0 - makes me think of the last time.. ,Tue Aug  6 21:23:11 2024,7b930627e6a12f14544714b99748ad44db2fb2fd4de066e0f7521c71b281e6fc
215,Up a little earlier than the last couple days but only by a little over an hour. ,Tue Aug  6 21:23:11 2024,0e1ea1b110177696ff79f6f7ae876151e576e6bd3a46ce790aaa5ea6c6047539
216,Wants hair dreads so badly now. No money ,Tue Aug  6 21:23:11 2024,1ac14bb02ddf6d0ad47c4f743e762c1029a5e575f024e8a78c09175426dac095
217,@Accessories_UK - hope itn stays good for you guys ... here we are definitely expecting thunder storms ,Tue Aug  6 21:23:12 2024,7a29ae7342d96c8c59be2a4dd32229aa2bb0fc6a6727e2860305a115269928e4
218,i messed up ,Tue Aug  6 21:23:12 2024,c896722339d52b3efae8d12560b73187cfc60bd124f93e6d7a1b57311c9223f5
219,when is MizMM going to online? when when when? ,Tue Aug  6 21:23:12 2024,dbc82524b9378701afc383faacd62d2e6ceb95690f21d02c2da96a4b41180714
220,"New tv, new tv! Wanna go set it up now  http://mypict.me/5AHl",Tue Aug  6 21:23:12 2024,0752b4433ab775a1c48c58bbb7b11a17f579bbf1c1dd02d634a77513066de541
221,My face is still peeling from my beach visit 2 weeks ago. ,Tue Aug  6 21:23:12 2024,eda1078e75e6c8a435fc469583b3d1385abb7a984addc664ef36032251b0eaf3
222,"@lmsantiago Inevitably, the lawn mower quit on me once I got to the backyard. It's beyond my skills (and time) to figure it out. ",Tue Aug  6 21:23:12 2024,7fe030319c5c34f6a2dc31753c79f808b1c31e4db195914b5c5227dfb4bce80e
223,@Micrathene RE twitterfox - me too. Boo ,Tue Aug  6 21:23:12 2024,91bd0eaafe7d4beb89f9d66db1ce74e820050d926444043060e479c7ed956810
224,my internet keeps shuting down whenever i try to bookmark something... and i bookmark everything ,Tue Aug  6 21:23:12 2024,ce981e28694bcc8c139bd0e6c32776f70ea47a88632badb03e9257eede7746b3
225,I almost got hit by a car. it didn't stop ,Tue Aug  6 21:23:12 2024,962b68764fe90c82fda4f57c478e89af7a5f02431c8959800708651493c74442
226,Motivation....anyone got any spare - struggling today ,Tue Aug  6 21:23:12 2024,bea6d54afb50f081644a490b12b54eb3feb1b204cf7d17a1875c8be8987502b7
227,loving the new jonas brothers cd they are just too adorable.  wish i could go to their concert ,Tue Aug  6 21:23:12 2024,49a0c81822a98637fd53a26075f3af719f4eb8c632c26236c89b8593f045316f
228,"@cosmorays YESYESYES,budden I need the ribbon.It has run out of ink. ",Tue Aug  6 21:23:12 2024,c6548d750968ff5a4fdeb68a073b34b13beb55698b5bacfb41143f3346801d0a
229,@mandleh soak up the sun boy  jealous,Tue Aug  6 21:23:12 2024,399a9a5624e0a72b8de92dfdba02a4f2c226c6890ab77c93e2229a52232777cd
230,The radio really knows how to kick you in the balls. ,Tue Aug  6 21:23:12 2024,62bc7cc1a766798292d183187b74c7a5d0c5cf1841e75fc7a6f31832d6b838e4
231,@Denyalle Good morning! It's hot and humid here. Clouds are forming for rain and thunderstorm later today ,Tue Aug  6 21:23:12 2024,268a0a25571b9e001ed499fe4a409ae844225a33ab72f4ce897a86e3792a5c83
232,Sleeping before a busy travel day tomorrow. It seems strange not having my little dog at home though ,Tue Aug  6 21:23:12 2024,14ab8ecfe783ac23cd47c5246e1f9257837e6958aa0172d58d0061c2fa7571b7
233,@Shontelle_Layne Good?  nothing. the weather's bad here.,Tue Aug  6 21:23:12 2024,b3032b3f3233996462325959d13917d8a98d2a09815c8f32d4fc13d131e50ec7
234,such a great day outside sun is shining and it is ssoo warm and i'm working ,Tue Aug  6 21:23:12 2024,54a742ba2a0606cf258b885b7d579f898c642333ef92c46ffc3292ebbd6c1307
235,working out sucks ,Tue Aug  6 21:23:12 2024,ffd0dafba5d5ee24d271d97f0e5f931622d1dd8930617a000d79fadd3545418e
236,@OrganGrinder_  i wanted them to talk about the footy lol coz shes a qld and he is NSW,Tue Aug  6 21:23:12 2024,8a315605f61e75ee4eba776f10dc5f9e695a135b07f19a3acf9ff2cb2a7f66f1
237,oooooh! Sugar Honey Ice Tea!!!! ,Tue Aug  6 21:23:12 2024,f148c58612492fabcce156dfc5aa331bd184f1f4daeba0a22ad2bee1ff78ce29
238,@laura_thompson Noes .   But I did learn some valuable lessons or some junk so it's cool.,Tue Aug  6 21:23:12 2024,83aaa2346135d3c27630d242259503311a04c38c94a118381d4dfe36090ea3a6
239,when @imogenheap replied to me she told me Ellipse comes out aug 4th. I could listen to it on the beach. now with it out aug 24.... ,Tue Aug  6 21:23:12 2024,d721ee93700ce8418b704eb2e4008ac8c687f652ee4cc4c3bd15c3d28abb397e
240,Apologies to  #jiscrscnw09 organisers for my earlier tweets. Crucial emails to me not received due to voracious spam filter and RBLs ,Tue Aug  6 21:23:12 2024,5c2d286fff04dcbe761660deedc84833cb58485e468b2278703358f36ea66975
241,Fish just keep disappearing in the tanks at work. Two of the babies have gone missing and my pleco is MIA. I'm a terrible fish keeper ,Tue Aug  6 21:23:12 2024,10561b9152a0020eac6f8c9bbbc5ab28ff499328a2c5502f248ab6732c7f201f
242,I forgot my dog koda outside all night last saturday IN THE RAIN!!  I woke up Sunday morning and was like OH NO!!  He was cold n wet ,Tue Aug  6 21:23:12 2024,6a489ff6c008739cdfe92f1d571a2a8a372d7b15a87f7611020f8b8840304139
243,@tommyreilly Jealous! I just tried to make an omelette and failed miserably ,Tue Aug  6 21:23:12 2024,5d6f241c26fb4726ff4eabbb9501f995deb65f8ccdd2ff15b1a470fff77d3bab
244,Elimination diet seems to work - no meds for a week and still feel fab.  Alas it seems the things that are in everything are the bad ones ,Tue Aug  6 21:23:12 2024,d04acc360fcdab41b93d9587518bacaca711d4e70e3874165cbc062c7721b056
245,Just saw an All Pro Sound truck and it made me go ,Tue Aug  6 21:23:12 2024,2ea24cbd9214bdd89e1afb77c9048880dfb2caed4619b3a6e81bf0a187adae91
246,@msnoody Anthony Hamilton hurt his foot &amp; Doc told him to stay off of it  He didn't make it in-studio but he will be on stage tonight!,Tue Aug  6 21:23:12 2024,d591b3a565f0d2f4a94aa38f5408008b5b5a43c31c6f1876e98b0d75859b3cea
247,@theoreticalgurl sorry to hear there will be no tweets ,Tue Aug  6 21:23:12 2024,06532d1a955516ed9ad72f3d313fb5fe6c6c817a3a5444b1ab506bea8e52a77c
248,@NaNaByB NOOOOOOO THIS IS DEVASTATING NEWS!how u got sick in the summer?!?! ,Tue Aug  6 21:23:12 2024,8c68bda14103c14a24ee44123ea6a8578fa2a959efa65a2e5cd7fa6b67e01e98
249,have a really sore throat and i think i also have a fever  not good,Tue Aug  6 21:23:12 2024,e212c29c58b83d51eee01b8002520eae17651d6d82bb0a433c793693a6dd2d0b
250,"@toolface oh i haven't seen that one but yeah, it was a rerun.  good, they should cancel it, for the kids. D:",Tue Aug  6 21:23:12 2024,2d10742a9e1daae681ebdbd401855ceadb87ba74ec57530cabe71850b09583b3
251,@eserei27 No it is not Sept 21st yet. ,Tue Aug  6 21:23:12 2024,29fdbd6bf8dc96cd0753a51febc04ecb56451d12df96c9aac0709bff2e889264
252,@MandyCharlton  hugs!,Tue Aug  6 21:23:12 2024,97cae45f97a2f808eada91f21ce8a348f987e3eaef057d3c4f5d618a723bf5d6
253,Just ended my nightly phonecall with the bf... I miss him.  8 more days till we see each other for the weekend!,Tue Aug  6 21:23:12 2024,d2429398a12028553a1df71b3682d053249bd74a7f10dc6cd05b1f485278264d
254,sitting watching harry potter with major toothache  !!!,Tue Aug  6 21:23:12 2024,6dbdd21f6ea32874e7bae894e8f0956be27498e8cb0ee284660eb48e2097ef4d
255,@bargainbriana me too! i hate that because you feel completely wired and anxious until the majority of it is done ,Tue Aug  6 21:23:12 2024,7666a2b49ee43f6cf94326aa860224fcc1e681edb85114df9cf5003928fde666
256,wonders why are my friends in FB and PLURK have this common sickness...*sigh*  http://plurk.com/p/13w7av,Tue Aug  6 21:23:12 2024,0d7ef3aa7dfbe242199ac145a9253e3c2a7c97dcc21bbc53cbdc0f4bb04c2a1c
257,"This is how tired I am. Its 3pm &amp; I've only just woken up. Shock, horror! My throat is sore &amp; my nose is blocked ",Tue Aug  6 21:23:12 2024,bddc0c2df221754d76b2bd83de9c9bf97be5210b6c52f162a15fd21c2868b132
258,@deaconblade @zaam  #OMC @dangerdoll @esko @deadlycyclone Guerilla's been used. ,Tue Aug  6 21:23:12 2024,e06a437a7340cce779c4c01f28ff7ad664a99f7fe07d32c8eab93e5241b64dfe
259,@JessObsess yeahh! she protected all her updates  and i think bdens type ryhmes with smemma smamilton ;),Tue Aug  6 21:23:12 2024,d91505bd2adc1eac1e2cb9de9210ba585ac8058fc7d68fb84b6f834f060c669e
260,i dont want him to go!!! ,Tue Aug  6 21:23:12 2024,145b95249c6312ba6ce8e743fb06c082dac3bbbaad3a40277ac80569007befbe
261,Well off to skool  n sweet dreams,Tue Aug  6 21:23:12 2024,8c4fc5c3c5e770f3a92d008df15bb5014452f36597e3d71b09d9266394355fc5
262,Close friend Leaving town for good  I wish you all the best Russ!,Tue Aug  6 21:23:12 2024,ae3a59fec60eb658e14eef1c13aab877cc8736b0080c51fe40b6a3d59bace2db
263,"@thejazzter The usual - polishing my badge, getting tips, helping in any way I can! Wish I was out in the sun ",Tue Aug  6 21:23:12 2024,80c3e947b30d089b30d3ae3e8926d71a0f363b56b9523283bb956d7e0e64ba95
264,@princesspixel i had to request it! i was so confused about it the first time i thought doing it again might help. it didn't ,Tue Aug  6 21:23:12 2024,9d02dd00ffb3786daf499b10cd92d2742a33b9edb536d17605ce22928d88662e
265,In summer school. Not in a good mood right now ,Tue Aug  6 21:23:12 2024,53848f5160f96fa74522414f61fe0bf04e269962c3d12332af3a664dc7c38387
266,I'm so damn tired. ,Tue Aug  6 21:23:12 2024,8c6847c3c99de8e8a469142f003d4659bff447c03d34064b117992b5dd388d56
267,early :l and I put the same darn jeans on as yesterday. ughh. I don't like the morning.bespecially when you have nine hours of math ahead ,Tue Aug  6 21:23:12 2024,e435ebd46c16575dd15a07af4bbd3751ff0027aa97b4564db0f766bf37260965
268,Aaaaaaaa its tooooooooo hot at work  I'm melting !,Tue Aug  6 21:23:12 2024,1b2e61b6bd1e7ea7be1f07f4a20432b03c81cfb381f8c1f97bbfe0cb5e070402
269,Last sweet was meant to be in reply to @eXpSG. @fail ,Tue Aug  6 21:23:12 2024,802bfbc8d6b6543f8d751aec8b098d2f6294d10f67506535e735854e7f6ebe43
270,@TiaLaw morning trouble. I'm having male problems ,Tue Aug  6 21:23:12 2024,990a36ae2792adaf7e40c62b92e97557293e6a03ef1f6c7ec9376b6911fae268
271,"In fact, I hope I get my cut today. Amal's away this weekend ",Tue Aug  6 21:23:12 2024,773bae9f8ba206cf559554b4c8fab84397a846e4351524bac099fa9ba66898cc
272,Still feeling sick. Waste my days off being sick ,Tue Aug  6 21:23:12 2024,25fb2571dafc4896cc6a26aa3d2d4e203ba2cbaa9cc420d75c8a63ec1bf11c14
273,@dv21_9 not LIVING inside the &quot;village&quot;.. but abt 9hrs inside the &quot;village&quot; is as good as living in it hor??.. ,Tue Aug  6 21:23:12 2024,11abb075fb2e6b413ff1f0d10de7aa5c691fbf0efdaa2a4b3c051ee1a38db7c1
274,why why why why why why did i not get tickets for T in the PARK??  boo whore!,Tue Aug  6 21:23:12 2024,9c2915abb1360e2176c3f22aaceaf9a85fd3915d7ae197f5941bed69e269882f
275,I need some sleep but I just can't  http://myloc.me/5AIs,Tue Aug  6 21:23:12 2024,44efbd959671d18dbc05190e96d06e54a9658eaac3aa946f7be2b9dd759b7de7
276,I think @Cztron made me sick this morning LOL  ,Tue Aug  6 21:23:12 2024,08f967c850ce8c0bae213606e7dadcbe53aa3cd9755e81c3105cd7e95b496d5f
277,my scion baby needs new kicks asap ,Tue Aug  6 21:23:12 2024,3f98eebdece353472af20e6706e5b3fe1a0bef6538a9c894b7bb18b95c6a6381
278,"NOOOOO! SCHOOL HOLIDAYS ARE NOT EXTENDED. Common tests next week, I am really screwed ",Tue Aug  6 21:23:12 2024,b08265d2ea0c75bc9f66ecd95ce72cbc843bd92d9ab30ee9a214ce4edd556b86
279,i shower myself with cold freezing water hahahahaha ,Tue Aug  6 21:23:12 2024,438533e482fbd5e3611505ddc5e5ec93387f3b12424eaa6ee520cc497f51141b
280,WE FAILED ,Tue Aug  6 21:23:12 2024,36a6955441b18e95b29823daac2b204211738d4b239a80d984ad4412f9ef568e
281,"ZuneHD looks great! OLED screen @720p, HDMI, only issue is that I have an iPhone and 2 iPods  . MAKE IT A PHONE and ill buy it @microsoft",Tue Aug  6 21:23:12 2024,674b0ce98592628dc2813c0e2af6b3e0f4508e0856ecb650271eddf18c52642e
282,Fuck! This is so not what I needed this morning ,Tue Aug  6 21:23:12 2024,720b4f14ffacb25cc20fd7e7c59acdfa5e975bdc8ace847ee232faded444d6b2
283,@bemy_zombiehero you have sun?  i don't ,Tue Aug  6 21:23:12 2024,dc29a8ff0ed11b2bdd29842aafac04f2c44701cdae937ed687f47d1139d8caf1
284,vince! please get better! im getting worried! ,Tue Aug  6 21:23:12 2024,81825fc805440ca6689804bda9058de9b91a893d924529e1cc832ef146c97ed9
285,Disappointed.. 2 eng flicks out and both have shit-laden reviews ,Tue Aug  6 21:23:12 2024,fcda4cc5f987293eb8feb166615428e2dbdd203e1871b140db619b66fe7eb749
286,I cud be in Southampton right now  damn them stupid trains!!!,Tue Aug  6 21:23:12 2024,7f27126d6565c9803086f60f928407c12e7fa2fd486a971f24d8e3557629e725
287,Woke up early to feed my cat. Forgot he was gone. ,Tue Aug  6 21:23:12 2024,3f718d12ce7b17a4f5070a9c02b72c7bd3b4abc8245d6c9a15dc20a9c238c625
288,@NajiahYahya yeah dead date  hehh apakan,Tue Aug  6 21:23:12 2024,b04e133ea7e114e6f596aeafaff222df836525f702772168a5890bfb9f9be989
289,"@mollydotcom Chin up Molz. It could always be worse - you could be on fire, that'd suck. ",Tue Aug  6 21:23:12 2024,98adc87dfac078b825bec76efbc09fa1dfc4398d32d3829c7258754f0544b716
290,Ok... That last beer last night might not have been the best idea ,Tue Aug  6 21:23:12 2024,0bea1da22698ee3f7ec5fe5179f6982eebd7b5da5128713e4364852a3165e380
291,@xCherryDeVillex  i thought i was the husband to be ...,Tue Aug  6 21:23:12 2024,c852eb5332d471f342dfd3b3d24f296beaf90c8b98b66988e29360c45dffab07
292,mouth is killing me  @ Home http://loopt.us/wTUEkQ.t,Tue Aug  6 21:23:12 2024,543e86281d9fece86f2cfb28aad97e45b574041b0d2c2659562b2189e2913f9b
293,I miss my cats. Seriously. So much that I'm going thru their pictures at work. ,Tue Aug  6 21:23:12 2024,4a97cbc925740c3350c193c7ba686e70e8d54d37b83f05158955f0f21b142bdd
294,I want to go ouuuuuuuuut!! Air free pleaaase! ,Tue Aug  6 21:23:12 2024,e7122625f31f6b2c9d9c73ff9c16bdf75f4486ba330db4ed3d6b80c1918db264
295,I'm getting a headache ,Tue Aug  6 21:23:12 2024,f09431940d0aedd764620e48a59843ed3850ca1e7e5d2258a2ecbed7792587a8
296,"@funkyfannys ahahahah! i luvs it! a frisky granny, at that! and yea, i'm kinda regretting the second cup ",Tue Aug  6 21:23:12 2024,beca3669c0ff309b8b079faa897e7ba5c31a0c94d645c48910075e3e377caba5
297,"@KevinRuddPM hey, I have an assignment draft due tomorrow, and I havent started. I look at it and all it says is nothing to me  Crisis.",Tue Aug  6 21:23:12 2024,6200606de7591385cbbe6805b4cdb0253b8860d13f57db57e7d24ba6a4a262e3
298,is absolutely nakerd ,Tue Aug  6 21:23:12 2024,8c5afdb4aab504e2dbd02c765c2d8148ef8dbe517476451a842bb709b5e986c2
299,My stomach is still punishing me ,Tue Aug  6 21:23:12 2024,5a9ff4e9f4c21ed9082d63356de119625c081e09deb75a829d625f11a8c4855e
300,Gah... feeling dizzy and nauseous  I think I'll go sleep the rest of the day X_x,Tue Aug  6 21:23:12 2024,75a9d171e6e44ed61597e3c94288597442d5f2ae5721f1e74bb55b4094cdd325
301,"Smashed my ankle while bowing. Ball = over 5kg, speed = around 40km/hr, impact on bone, do the math ",Tue Aug  6 21:23:12 2024,c1c6eeaffdbb9593d1bd2523049df024453c7a5db0a11615871a20105075c62d
302,"@anyidiot_Tori  Just sucks cuz the better team didn't win the series, just one game ",Tue Aug  6 21:23:12 2024,2727e7967b9a08b0df5f2b4e2e3564016caf5bdedc086ba41e78c53b5b5635fe
303,Going to whitewater today. Should be fun with little middle schoolers ,Tue Aug  6 21:23:12 2024,13179db4efc791f22ec6bef955322737576583b6e12518e82a935b30994f3453
304,At work! Hungover... ,Tue Aug  6 21:23:12 2024,fe835ebfabdee43da17fd8dad9545cef63539b69fba1fca01993d4d148aa4552
305,I'm saddened by the sudden loss of my coffee pot. He will be sorely missed ,Tue Aug  6 21:23:12 2024,c00f5255f3114c0f3f3f8f7e73bc2fc42679da8a9b58d9d8ba4f52e444153164
306,"I've never gagged puked in my mouth while eating ANY food and today it happened, thank you jack in the box you are 1 in a million... ",Tue Aug  6 21:23:12 2024,780b390976a60f7d1a78bb2253c6f839737e0452f1389866675b7a2756d38343
307,3 year old nephew running around naked touching his penis. Father in law tells him hands off in a shaming voice. I do not even understand ,Tue Aug  6 21:23:12 2024,fe890021f10c2feeb17bf0d8943ad4950049460d9f567ca0a491d860cc200b5f
308,apparently days can turn around real quick... ,Tue Aug  6 21:23:12 2024,14b543c206c9c610951460675e7235903babd0a8eaaeb22be96f160b95fb6247
309,why why why why why why did i not get tickets for T in the PARK??  boo whore!,Tue Aug  6 21:23:12 2024,9c2915abb1360e2176c3f22aaceaf9a85fd3915d7ae197f5941bed69e269882f
310,i should start packing my flat up but i dont want to ,Tue Aug  6 21:23:12 2024,ff40083f05413b5666a5bf46cdbc877fb584c335e0c397b8542b087b79660747
311,@Anitaestya yep very baaaaaad ,Tue Aug  6 21:23:12 2024,78064ff4de8ab92b0151965b250c155004950c6c32aa9be0309a986934f524b9
312,bored. dont want to sun bathe alone ,Tue Aug  6 21:23:12 2024,f4d217bf5031fea0a8f659560279c2b3394fe58a1662953a2239f4fc5c21c07b
313,needs a new phone bad ,Tue Aug  6 21:23:12 2024,2cf63ed209233644d29c58018cd8a5878e65dc75663d29a935a4323075555dec
314,bored as ever   naty went 2 tlk 2 a frend so im alone    in this vehicle   when we get home i wish shed play crds    but she wont  ,Tue Aug  6 21:23:12 2024,975d2fc68873f6eee61837f70a73979955fd936c5ac3d6f41cac5b1713b31327
315,shit it didn't work  &lt;3 haha,Tue Aug  6 21:23:12 2024,88e38be16b1c8fbbb2d16ca77a03e63d2434d9e3dbaafd68e62bd128d42599ba
316,Home! from the most amazing experience of my life! miss it already ,Tue Aug  6 21:23:12 2024,8afa628cf443a434171e52ee700cefbe1a88867eafe0fc8ac2fb939692208809
317,@CricCrack J'comprends rien ,Tue Aug  6 21:23:12 2024,28bc2578a0c3832bdad9521138e00fa947fd43d1b4e30e3372a041f6ca8ed8c7
318,waaah I suddenly miss bombay ,Tue Aug  6 21:23:12 2024,2681a9be3d5d2bb5e9f53982ac8705dc332155b29a20e153a0790c59e8a85207
319,I am clean and I guess I don't have to take my grandma places... she wanted to go alone. I still have to work today though. ,Tue Aug  6 21:23:12 2024,1520fbf6b40008b84fdd1c434fba0a553f99816a32e1254dc44012520c2d1d74
320,I feel crappy ,Tue Aug  6 21:23:12 2024,c454c40d570d38fb3e1b71048dfdd33b933fc931ff7c5581d70a4e0f919dfbbd
321,Do you ever imagine the perfect dress? Pants? Shoes? And then hope someone somewhere made it so you can buy it? I am experiencing that ,Tue Aug  6 21:23:12 2024,6544dbba28b556fd0c0f425d1592428d33efd59d7d0e4fd966d0f6258024684e
322,awful day ,Tue Aug  6 21:23:12 2024,fa720d89a082d2d8381d2468015e5e5bb8339605018009f679d91af47031fffb
323,@Kenichan *sends pick me up and smile vibes* I sawwie day is crappy ,Tue Aug  6 21:23:12 2024,709872d85eafa110164ef6c7833151fced1e1d8c1dcca0f550400ea6af315277
324,someone is hacking my account ,Tue Aug  6 21:23:12 2024,d9c463b38297c471e3c8a5e7782d4aa8af34ac018f88494e79786c4b8d1d9c56
325,My car is still broken   I have places to go and people to see,Tue Aug  6 21:23:12 2024,7667dae827dfea98c0f75ec77fced966445b97f5c20674773be5ac105fca832f
326,"preparing for documentary filming later, office ready, staff ready, but construction crew destroying the sidewalk just outside our door ",Tue Aug  6 21:23:13 2024,27253c96e1c8ddc94aa2dfb4644101b362a51d32b19f43f7a6bad462590008b9
327,"@caosmoker - Its about 100 miles between us, with nowhere significant in the middle!   Any ideas?",Tue Aug  6 21:23:13 2024,0036ea7bb5cd78b636f6787b28f47628fd4eed70ccc7f5fbfc979e70a0b72fd4
328,I want to watch Transformers. ,Tue Aug  6 21:23:13 2024,25760adba20ee965951b019dd1790a9e0664403626619f2536760b1f60217f9a
329,When it rains it pours ,Tue Aug  6 21:23:13 2024,185d3ab156fded1f5c4e08690b441aa5194259a287b7bdb3fe999c12145c376d
330,exhausted and I am really achy!! ,Tue Aug  6 21:23:13 2024,0472ad10fb87991182c99f97853c1d42580bf264e88e7ffbdea2ce60d6d3f2af
331,"@msilve Awwww, that stinks that you feel worse!  But yes, I am there in spirit making you Italian food, okay?&lt;3333",Tue Aug  6 21:23:13 2024,16bce4eb43f9d6c5f4dd446cbce7173377342da468e1f6f1ff9bf5512f416700
332,i really really hope my Mama gets better ,Tue Aug  6 21:23:13 2024,e0461254e280737941e6a666d78e5312592c6f4f4cf280a364639186ce107e96
333,Twitterfon just doesn't appear to be working for me today. ,Tue Aug  6 21:23:13 2024,3429274114c8f533588e891ac7589df25382d4403888d0a175fb725180da9fcc
334,Day 2 :: my tummy hurts ,Tue Aug  6 21:23:13 2024,a7d0227e50768e346b0eb8f91ea10bcd4039dac86c687eb20999c5ffedeb68a5
335,duduk  manis dengerin debat capres.. makin gak simpati aja liat megawati .. ,Tue Aug  6 21:23:13 2024,b54a4bcd62c7029f97c547c51b8d31991f7b97c05463057743ac621ec3ab4b4f
336,"@Ismahyus OMG! Really? Nobody tell me, you know. Somemore my printer baru habis ink. ",Tue Aug  6 21:23:13 2024,070dc90d6a6a323a296ab3848ed328d51fd0dbf1c454bd88a9c0ed0a190e9742
337,"is on the bus going home, and a little pissed that none of the quizzes will work on her cell phone ",Tue Aug  6 21:23:13 2024,d3f5b917dfed86cf65b788bcf46797a59040f8b57381be88a10e0e0db9d3bdd9
338,woke up to a spider dangling right above my head. i screamed. it fell. i think i swallowed it. ,Tue Aug  6 21:23:13 2024,0d604558858a6b10dd4aa15cf6f439a75853900d364e1d6aa5d8a27a60de1ca4
339,sad that its sch to rain in west palm for my concert saturday ,Tue Aug  6 21:23:13 2024,9e1863b1989a058f00d220a6cdacaf27b4decc419faadd2ce7c225842bed5a0c
340,Spoke too soon. One surgeon in behind closed doors. I thought they were only going to look at my foot and not chop chunks out of it ,Tue Aug  6 21:23:13 2024,ff039be4bb7c91a2766a48bd3e397163a6881d0d08a0b4d42ca05b9d2fe04a95
341,Tireeeddddd. ,Tue Aug  6 21:23:13 2024,e00a32e1fb0b8be38ef60e49545d787dabc722057e1bf5e8df65af6021fbfab8
342,It's too early to be at work ,Tue Aug  6 21:23:13 2024,de2d1bd08e518f28e00b7301f82ee77912c0794bc0b3d876d0f5d52273614dc8
343,"OUCH ..Left my Kindle on Jet. If you are reading it now, judge me for the Ben Franklin biography, not the 15 books on self improvement. ",Tue Aug  6 21:23:13 2024,4f87d093d044f35e7b150eca0afd91238c594526df29227223019d678d3873de
344,Waiting on phone repair man. Hoping to have my phones working soon  Also praying this is a better day,Tue Aug  6 21:23:13 2024,1cb6b89ff666d707de33cff0ebe9e7ae883c6231ccd66ad7edbe12cdb53b3187
345,last day at the beach ,Tue Aug  6 21:23:13 2024,496b6be59108d198f2be148341291cdc02757030497ba48e571a0e268392ead7
346,Last day in nyc ,Tue Aug  6 21:23:13 2024,0ab243af0909cff826d1ccf903514cbb7d822df07a52f4a8afcfc786f7c0f74c
347,@Bookgal link didn't work. ,Tue Aug  6 21:23:13 2024,ea619e371056245296600b5ca2c97b228c2ae9245a22210d3dce1c7bf4e124b0
348,People are talking bad about the movie Transformers  I guess ill be the judge of that. Going to see it this morning....,Tue Aug  6 21:23:13 2024,324134b8977db173f5d850928c002d7c434d1798600ad438f6c1b9d8f9534fb0
349,"@__zues I'm so malas. OMG Mi, lama tak jumpa, but I'll go for the sake of  you. Lala tak pergi tapi pls ",Tue Aug  6 21:23:13 2024,497b2095a89cd1f03d628af2530b643f029641eea16215ee84c93c7be9c95ac3
350,"@feylya Aww that's sweet, but I'm afraid the feeling is not mutual... ",Tue Aug  6 21:23:13 2024,5e14d2d2af6ccb72ed834c8208002f20529e38566b356c60df199ce96ddeeda9
351,@awalker2334 I'm sorry for your loss. ,Tue Aug  6 21:23:13 2024,35b94250a84a0fc90095016d9adaa895d21f526b4a2a1f43511dbd9504f32378
352,Awwwww so cuteeeeeeeeeee! I miss parry!  - http://bit.ly/FLAI5,Tue Aug  6 21:23:13 2024,1c2d6e174165bff9d36ae345902cb3866d7f0133dac9fbce3b4c5917cda267d9
353,Why I get hungry now?? I had dinner 3hours ago ,Tue Aug  6 21:23:13 2024,1afdd8aded0f8337a092064658b84376eadae596298012d00bb5a0d97e165718
354,"does not know how to remove people I don't want on here, anyone? I press remove but they come right back, makes Twitter really shitty ",Tue Aug  6 21:23:13 2024,73aaa0b849c88e1f94df5883e97c967156d22a7fa39bf23c68f05dd274948641
355,hates when school kids talk about being &quot;FINALLY&quot; on holidays. I get four weeks a year gosh. I never have holidays ,Tue Aug  6 21:23:13 2024,4d622a7496f7c4e888dd953ee3826e04a5197560ac64973126ab95be70c2a7d8
356,"you know you're a bum when you think 10am is too early to be up.. i wanna go back to bed  man @dbuck82  , why'd you keep me up so late?lol",Tue Aug  6 21:23:13 2024,c0cd0e90dc8f23e13f8ea8f11d4295f3e5a2ec7a1a0f3cbd3691397c07f5ed53
357,my vacation is going too fast  Housecleaning day,Tue Aug  6 21:23:13 2024,2a87e07e3386b704fe5918d0daf1a915bfa99796ba66378569849b39249003f0
358,Part of me wants to go to the gym to blow off this steam before this big meeting but part of me is like f*** it. Need to talk to my mom! ,Tue Aug  6 21:23:13 2024,298a4fe649957d84c03c0538596cab35907ea527bc5203379f0e712fa2199390
359,"I just LOVE when I get 5 difft emails, each w/ a difft Word .doc that I can't open from my email app (T-Bird). YIPEEE! ",Tue Aug  6 21:23:13 2024,c52755871b6d0bae9603d47bb43eadb92afcd65d0d5bb94504f8a1a971179061
360,sadden by the images in the News Gazette yesterday ,Tue Aug  6 21:23:13 2024,a1bd0aa0bb02747186f0335a6d509d9756e75803933a24915c2ed018bf6dcc2e
361,@SoGoPro your link isn't working ,Tue Aug  6 21:23:13 2024,c1532ec654e13ec765e4885409fe3af3db48c94c157a0e91e32dd2f9563dcb80
362,@katmuro awwww... I miss my not batman cup that krystal made me..   How's ur grandma?  (GET THIS! I ACTUALLY prayed last night!),Tue Aug  6 21:23:13 2024,c036953d56c5067ccbe8ec481ef444fb1c90312f4a33aa887bf0597868f44823
363,I don't like taking over a job for someone that was half azzin it ,Tue Aug  6 21:23:13 2024,fd9d3f67c16fff4f00c4e05e5d464a0689dab1af910f06caad48d6113b290271
364,I need to do some yoga or something. I've been so stressed out ,Tue Aug  6 21:23:13 2024,2cf94fb24a21f0c0907af89be5f4c77351f4c752fa170c66d4b0faebd4f7adb9
365,Is at home sick ,Tue Aug  6 21:23:13 2024,095d2b6337266c45e59f034116b41ec8f9fe24e3f2675d9551ba1f84f6c1ba03
366,Can I go back to sleep please? ,Tue Aug  6 21:23:13 2024,958364ad6e6622a2d9d0ebbe469f95f089e9e9c9faf26f4bd83a91ea327efa34
367,http://twitpic.com/8dczs    i'm here but my hearts there. and so is all of the good parties ...   not inc. #glasto,Tue Aug  6 21:23:13 2024,baa30faf2e308afb98b7b1ce8444eb0ba0d11b37a9f21789ca834ba5c09b1277
368,"Just realized that I'm not actually funnier at 5 AM, it just FEELS like I'm funnier. ",Tue Aug  6 21:23:13 2024,19ef77e0a3484c4e9026e9251c695f503cb61a0b6d76235e2dde5b28c1ea2753
369,in class again? are you serious?! ,Tue Aug  6 21:23:13 2024,6895c4d91467958e74e180326958d77aecf65a4ea4c91dae550c029a8410a199
370,Made it to the treadmill and I still fell like curling up and falling asleep! No nap today  We have Aquatic Preschool grad to attend.,Tue Aug  6 21:23:13 2024,7c58af0167d32a8fbde0a3f9d6fd4b5e6a09c25d9fcf093092bcc5ac6d3fb12c
371,Hi everybody... I'm at the library once again.... ,Tue Aug  6 21:23:13 2024,7b1ccfb4d7773d806e950e6b112715e1f305cd46056c6b0e54a48e1e866f98ff
372,Got to go resign the lease  http://myloc.me/5AKu,Tue Aug  6 21:23:13 2024,3bf40cfa044cb85496284911214f846134bc8d2590ff233976d31fa9f2700131
373,Project Wonderful rejected me. ,Tue Aug  6 21:23:13 2024,e619e4942ec67b1d86cef81daa2b1fa7dbfde3ca560d8cd2ee3cd6da1aa7e88a
374,@namyenoh I know  He'll just need to convince them this week. They don't know what they are missing. #y&amp;r,Tue Aug  6 21:23:13 2024,45d1cf582876e78a8a6398479e59fd930f144b06d4193e5ba85f44bc6749a6e1
375,"could really use some donuts and orange juice right now  , but @padgettalicia has reprimanded me using the debit until more $ appears.",Tue Aug  6 21:23:13 2024,c3397815f1a562bb8462d3925295da41c29be08a9c0724fabfc25bf0e0d96424
376,Dayum its only Thursday ,Tue Aug  6 21:23:13 2024,9adfacb220e931ce2b2fb1beee1dda6311e791619e656a64bef7a2466549dbc9
377,@countjackula what's wrong??  get better *cuddles**,Tue Aug  6 21:23:13 2024,fd4d4a073b8a83c0d2a181883e9b7af1ba2249c2537f6c09fa1e6eb42fb4b92c
378,"Today's going to be another one of those &quot;ohshitohshit I'm worrying about it&quot; days, I guess. I wish I could sleep at night. ",Tue Aug  6 21:23:13 2024,350c2282b3c42abca0485555cfd36865a884f2e1fa8ae2421edd20c27e3582dd
379,Borinnggggggggg! I hate the stupid cao forms ,Tue Aug  6 21:23:13 2024,3350013e6a74eb7bf43cc86b76ac380d8bb2ae70778c43026a727bd06c564e2d
380,  daughter's beloved diabetic dwarf hamster died in her hands this morning...all creatures are worthy of love. â¥,Tue Aug  6 21:23:13 2024,564909efd972be506e8ae30230b70e5c0645af2a6a938cf35ceefa2ecf6e85d2
381,Test tonight. Studying all day... ,Tue Aug  6 21:23:13 2024,d4a76d7c3d0290327ce1fa4fa5c27aa24f1f792521a256571e8f1e4711d926b7
382,My Record   http://bit.ly/16FjE9,Tue Aug  6 21:23:13 2024,7802aceb8f6d8a328fb136f5732402782ae2a4d06a96b3c9bb43da65716e0100
383,@vindee I won't lie but sometimes I really really miss it!  even like the spoon of sugar in my oatmeal... 3rs july.. Cant wait !,Tue Aug  6 21:23:13 2024,18927c29fd27fa8ed28298a1f4fe58a27076178769ed38d7d8983930294ad94a
384,@marcia724 well its already kinda hot. i can't imagine being an animal with those fur coats year round ,Tue Aug  6 21:23:13 2024,6bd480d7fda24241e7189ed699b3d859ccfbe41c7fda53333f34428785ab1f21
385,watching I'm A Celebrity... Thinking about last night       ughhhhh!!!!!,Tue Aug  6 21:23:13 2024,9aeba5c3795baef1d60d3b4ebe6e47f9c0d6c0cdcea7b017c0c518baec51b551
386,@Welpje Where did you go? ,Tue Aug  6 21:23:13 2024,86c35b7b6c55acbd28069fe80cb183832382d8f296505f1ec633d810d96f7d02
387,"@brandonleblanc Brandon, It seems there are some probs with the video embedding in other websites ",Tue Aug  6 21:23:13 2024,4067a469b019371c663261b5b8d63ac7b73080de4cad71503eedf88a4581b875
388,"Have u ever seen the things doctors do to our pets?? I mean, it's scary sometimes looking at thermometres poking to my cat's ass ",Tue Aug  6 21:23:13 2024,6824fe849c2cb45408de577005ce8a423ab93c453d3fb0f4a883bbac4f020b45
389,I don't think I can make it... ,Tue Aug  6 21:23:13 2024,2bcce8ae29260c24e2c503584d854ffcd395b3c1835c3de901dcea37631a3660
390,hates @ashtonmelancon's schedule for the next 2 weeks. ,Tue Aug  6 21:23:13 2024,5c66e599242ae9a060613a5d894c1548c57e475682355d65990586020866febd
391,Every time someone uses Microsoft Word to create HTML an angel loses its wings ,Tue Aug  6 21:23:13 2024,4e0667d505dd2ca06bba120b3b6ee6b69ab0cfa00e3c4a29a63e2451c5ee643b
392,"@BK_II lol, glad you didn't take that the wrong way. Aw can't tonight  You have work tomo?",Tue Aug  6 21:23:13 2024,d368bb54c0a0f5a0fd4d8b4fabbb1457a0ede7c142fcf76746949aa6515456f7
393,@EmmaJaneR oh noes has the weatherman gotten himself a professional tweeter? ,Tue Aug  6 21:23:13 2024,df30ff5223f5f0c2180fe1a62188182d53af5c7b7208c5ac1017415f556e8872
394,"Not in a great mood, mothers are sooo annoying! and i have to go work soon ",Tue Aug  6 21:23:13 2024,3cccf38447c6a274d02bee1d8fecc0beaf6752821094dbaf3a73e3a3c7bcaeeb
395,Officially left school and hate it! ,Tue Aug  6 21:23:13 2024,df40629af95a8dc3ec3fd579388542cf375c158e97d71389c0ca502393b5364f
396,Iss layin in bed cause my stomach hurts really bad ,Tue Aug  6 21:23:13 2024,1735a62bc6d84a2f2089d2711294648a299b355fc43983737ca0ec79afa095e6
397,@khaled_7 i think she's part trini...which can save us at least a very little part of the embarrassment. ,Tue Aug  6 21:23:13 2024,5f16da6fd88d1f32c0a6bb2d5904e251214d47c59b35777c84d3a9a3bca5eaf0
398,@equinorz was suppose to watch but i think not enough good seats uh ,Tue Aug  6 21:23:13 2024,e20f95978a47d65a0262429a8fa345ac19bbf1d01189cb08d7074ed0c918714e
399,I seem to be getting more pimples lately... maybe mum was right all along? No more chocolate for me. ,Tue Aug  6 21:23:13 2024,5bc2f480c6ab7fb5050ba67fd73fbccaf5e473d7442a3c04904cf35453cd4d05
400,Anyone want to come to a gig at Fibbers tonight (in york) I have a plus one on the guest list and no plus one   ,Tue Aug  6 21:23:13 2024,58b50291999228869f05d9d536142706d460b5d923d51aa6ce662a8d468b73b2
401,getting my wisdom teeth out  ohhhh buddyyyy,Tue Aug  6 21:23:13 2024,a3aa47f5aa7cb7b6014298770045569bd254eb121bebaf8daab2fcb8aab3c809
402,@tomwisniewski tom I think if I were gay and you were kinda on the line we would make a great couple! I can only dream to be gay ,Tue Aug  6 21:23:13 2024,3b95f121b79635fe7e518db40c69c18857124da111d8836888b63e756e6a2411
403,missing  the first 17 minutes of so you think you can dance  evil tivo,Tue Aug  6 21:23:13 2024,ff446f52e0798f5bd53e598c8f0fc5312b760d93fd88de8b4b1bd43e57769049
404,"untuk kesekian kalinya, d tinggal onyet pulang kampung.  not too bad laa, besok reunian anak* basket smanssa. HOPE MY DREAM COME TRUE! ",Tue Aug  6 21:23:14 2024,c62f58b2b42d9f9c259f7760322e854d9d239bcba62263f5807660c517895af5
405,"I've got just the 3g  but, i want the 3gs because its faster.   ",Tue Aug  6 21:23:14 2024,c7202996c38b17f61ce3561d600c1676341431c3e3b6a6279c61edb2ff2ee0a4
406,ahhh...bill bill bill...  my pay's gone by just paying bills.. hmms,Tue Aug  6 21:23:14 2024,44d8e875fc9b10eed2566c73f73cd46854bdb45243992c3bdb695316af00a1f6
407,@bethrenaldi Sunday's game. Had a tix to Friday's game too but sold it b/c didn't realize it was during work hrs. ,Tue Aug  6 21:23:14 2024,fcac22758421fbbaddd01668bfc9de4ccd119b3c20d6605d46b46dd11b5c9a25
408,im sad and scared. ,Tue Aug  6 21:23:14 2024,75e9089fb241b6c05fb4835be5dfdcf47ca3210f3a8d0fd6cf871bd14261e704
409,"Attempting to post the podcast, but WordPress doesn't want to play  The post is there! It just won't accept that it has a media enclosure",Tue Aug  6 21:23:14 2024,be41e5dfc860d7380bf07af84d2b7fe67a6891b4b10f95c052c39e88d586ee4c
410,@luke01688 That's my exact Starbucks drink. And there is no Starbucks to be found... ,Tue Aug  6 21:23:14 2024,96bc444be0801d786cf5dbfd44077d9fe27320c93b4a614beee54725b9b1a225
411,Going to 6 flags &amp; river walk. Dont think I'll have time to read today ,Tue Aug  6 21:23:14 2024,f5be82134facf1fa84118206e98f04c6dcc9038159320c29639ddf216a4e942f
412,@freakgoddess @Nani981 why are you all making me hungry...  and @freakgoddess  i don't like veg kebabs . they dnt even come clse to NVeg,Tue Aug  6 21:23:14 2024,904aed193e3e94a5e5941360280b896609931a94cc97c597bd0033249b2c6bd4
413,@komplettie yes happened to me in the middle of testing a program. Very annoying. And a waste of 16 hours!!! ,Tue Aug  6 21:23:14 2024,7643b974126fdc359347464410eb9943d51d840ff9978d3162f2f75a5e7b9cf0
414,That was a mission. Hating the emptiness of my room ,Tue Aug  6 21:23:14 2024,6a8bd7c09c87a4718b62a10c8159d9b6d2b386bac987f7db627ef45e6cfa3f47
415,"@BronxBebe4488 .. Thanks honey! Honestly, its starting 2 work! But this 1 person @ my job KNOWS how 2 press my buttons &amp; its annoying! ",Tue Aug  6 21:23:14 2024,d691049c1760f6be083bea15f6f0e781c1362c9ba49bd28b68f5f4e29a3bf9cf
416,is feeling slightly down now  not a good day,Tue Aug  6 21:23:14 2024,566317151afef74ba88e046c11dba6e6ecad277869706c4b6ae50757638f43ea
417,@richwareham Geeks in Space -- yup.  Another awesome podcast I discovered just as it was finishing... ,Tue Aug  6 21:23:14 2024,9fe69031f3e46893145e803cd935b6d6082da00bd936c611cc55bb5a455a5459
418,i'm scared that everything i studied is not enough ,Tue Aug  6 21:23:14 2024,8044f19c7557b2b55450b83669d32cc7bfd55762d34df58eab0fac0f32905fbf
419,wants Steve Madden Skipp oxfords SOO badly! ,Tue Aug  6 21:23:14 2024,f36fda9d9a353538e2e14c45e94798e056843ddafa2a35b5c50d04f5398b964b
420,@ShaddixXx Awsomee  i'm so bored :/ theres nothing to do here! ,Tue Aug  6 21:23:14 2024,f947cd33761c9ce470e7518af6380c5e682af01f319fd92fd04f59589919f22f
421,@JCulwell you mispelled my name ,Tue Aug  6 21:23:14 2024,fc5273ef5c178008e7731847d5ad44a70b8fb0eddcf48b2f942262636e33ee4c
422,"fml. looking at old photos just makes me miss old friends.  though we're still sortof friends now, it's hardly the same..",Tue Aug  6 21:23:14 2024,7b2d62ed8eba7a8ac4fe8e3a8466a9a59745f8a1423fb821c5ebf9d8456527f9
423,Still no hair from Tom  http://twitpic.com/8dd4u,Tue Aug  6 21:23:14 2024,bdfaa27b4b09277d8385e5b78ac6a03bdde92c4c188f6219b2acce8272b8ccb6
424,"working and wishing my back wasn't killing me, I barely slept at all last night! ",Tue Aug  6 21:23:14 2024,5e21ab68557e6579fe5b0b64b5c23d75b0b60ee54da5ccdce912a439fab6d675
425,"@Drogheda_PC he also has an alter ego, bit worried about him   split personality disorder. LOL",Tue Aug  6 21:23:14 2024,7866ad86d9f8c8506e8a9685760830cd4b04fc117daa0b54042403e68123b755
426,Huge blisters on my feet.. owww ,Tue Aug  6 21:23:14 2024,d7c619f8f60633dc941a3f1467d43390c85f08d329b525ad4e3f331b10f1de33
427,@poshmarie What happened with Jazzy? ,Tue Aug  6 21:23:14 2024,e12baf32474b707787a0fde16d3a518b0feebfdcefe7bb80827f908451c4e396
428,Morning twitz! Stupid jury duty today  there has to be a way out of this....,Tue Aug  6 21:23:14 2024,f7e0036b4dc27d70a429ff6a90456d4eb05f74f69571aa2db09b0455dd54c08c
429,My adapter won't fit on for my laptop. So now I am without computer. I fail  Need a Best Buy pronto!,Tue Aug  6 21:23:14 2024,d9291e6f62c93922700901224579d51e9deb8d304590773053312dd37dfe3e2c
430,still looking for the black briefcase ,Tue Aug  6 21:23:14 2024,fd8b591a20a69266b00f23565061b7630e296d0324bc9f4ee4887f6f141a9511
431,http://twitpic.com/8dd5l - Me and my friend [ maybe ex-friend  ],Tue Aug  6 21:23:14 2024,e30f73d153003436815cd1559a55089d5b4dc4ac2a0ef6e62297a056fda7ac80
432,"Going for a shower, work at half five again  Can't wait to dye my hair blonde &amp; get another tattoo. Any ideas on style &amp; location?",Tue Aug  6 21:23:14 2024,111a30533791a4ef7572c44c05e59c7b5a46fe416ac3eaf65e61c1767b3242df
433,it's raining ,Tue Aug  6 21:23:14 2024,cda748b60c8ee2701e4c157f9ba007ce3c41f270d58a6ab59880227174b7ec2f
434,I hate being questioned! But I think im in the dog house  I think she gonna take the badge for today. Maybe I'll do whatever she wants!,Tue Aug  6 21:23:14 2024,07f216f1e536e58a2d1f8524931376b79669bf9a5bb8ac4df62e7e61e1c9caa1
435,why everyone speaks in English in here??  it's kind of... um...........................  well i don't know what to say ,Tue Aug  6 21:23:14 2024,840a16eac7136efa36a88262bec01e5e83a08831f85b821791e45d7d72cb4e07
436,@babygirlparis Wow Paris you're in Dubai? I hope you can help me get Hilton Hotel Dubai to sign up with us at DirectWithHotels.Com! ,Tue Aug  6 21:23:14 2024,2b525465f36aaaac6144ee874a69dab2e38fe2618cc1f1ff258b24ab074f8f59
437,"@James_Walton I was just wondering the exact same thing. Actually, its something I do every day ",Tue Aug  6 21:23:14 2024,d1fdc385abe245294762150a464b316245b280f4434358b28b687a123db55112
438,@karenejones haha nice! The main problem with MN is that we have a 6 month winter ,Tue Aug  6 21:23:14 2024,65dedb61431c438a4427c071e912ceb751ddd9f819eba21e0136cdec96a5c754
439,Up puppy sitting ,Tue Aug  6 21:23:14 2024,a707dbe64814fc736ebbe6e0d67bbacb6f3c1721bb0d9e833f182d8d43dedfe7
440,is sad to admit he likes &quot;trash me&quot; from heidi montag ,Tue Aug  6 21:23:14 2024,3f95fe98f080dab465048532ced7e267ebc9e556ed1368f00d147e5494bc5f8b
441,oi...this migraine i hav is gonna drive me nuts like 4 real. cant even go bac 2 sleep...n i hav to work till 11 2nite :/ i...need...sleep ,Tue Aug  6 21:23:14 2024,c4cf45976e2c2485ae531f6e0cb904365187d62a1bbdd1a7dadb87f93503f9b9
442,Frustrating day - two new front end roles (so rare and precious) both in .Net ,Tue Aug  6 21:23:14 2024,0d8d296df7d6a809e85f26aa6abddae14726eaa00ef9c99dcff7e0b535b56f1a
443,misses the Clear lane at the airport. ,Tue Aug  6 21:23:14 2024,7df4a4242a2f6cbcb50c5c49e2312b9fdae47a3159cf29e22686ff4a922b1298
444,@andy_nash It should be great. But Thin Lizzy have dropped out as support. It's The Subways now ,Tue Aug  6 21:23:14 2024,d8415dab92f144b16437720eed1e55a1be751dbca65982deef1eb7914761a38d
445,headache ,Tue Aug  6 21:23:14 2024,325ed2bbbdd32a4e0ee2bcfd80ee2b2ff6a53048120f6a23038da5226a1b57d8
446,"See, i knew it &amp; guessed correctly. Jealous now? Oh yea, &quot;Sour Sour&quot;. What 2 do? Listen to life song lo. ",Tue Aug  6 21:23:14 2024,c8d3879493752582e48ae3f7dadf2b6347ede7512e367ea1ca131a7cdd4a4e5e
447,i miss my homies  and i am sooooooooo bored. *iM*a*DoRk* &lt;= sooo true haha me and katie are the biggest dorks eva lol,Tue Aug  6 21:23:14 2024,ecd051af6a91054c6687969d38ca3d1c0e4a8d0b4902a6e513128a848722f6b9
448,"@FatherBob Hey, are you still doing Sunday Night Safran with John Safran? Or did he ditch you to do that new TV show in the US? ",Tue Aug  6 21:23:14 2024,41904a916351dc17496eab40f46dab8975c04ba76b9b14db3d8e9067de370635
449,"thinks if I dont take this, what will happen?  http://plurk.com/p/13w9sh",Tue Aug  6 21:23:14 2024,cc2c0d81ee593bc1af8f822e16684a65db68d298eb3a7974cee0f1d61c216dbd
450,@lorihooood i knowwww me too! :| oh dearrrr. these holidays best get better aswell ,Tue Aug  6 21:23:14 2024,0879a5ca4b7fa81ec20a559a5a42a8c35c8eb06c27aa0ce362a2fea70c95fa9d
451,@DrJovi  girl please! QUIT?! ur out ur mind I would b ko'ed erday I'm telln u I get that meannn sleep spell from 9-11 I need something ,Tue Aug  6 21:23:14 2024,5e409761e8478977bdd7190b6edf78517fe5b0ac943647cac5ecc277aaace763
452,It's WORSE than the Madoff $50 bln fiasco...it's plain WORSE!!!  I been preparing for over 2 years...want to know how,Tue Aug  6 21:23:14 2024,167d6b55bc1a33538cab4827e870166f0b736cb64da46fd8e7aa85d92be8febf
453,going to the gym ,Tue Aug  6 21:23:14 2024,c1c2c70883a7c1420fbb943977738dc39f33696034cc3715fb6ebd87f2d5a0d8
454,OOUUCCHHH ... I have such a bad headache !!!  ... http://myloc.me/5ALr,Tue Aug  6 21:23:14 2024,b24797fbb2e38355c8e9d8c23751169f4cb2b76f8b60ee111f13c0f7a3ca27e2
455,"I wonder if I should go out on a man-hunt this weekend..?? I just don't know if men are worth the effort anymore...Sad,but true ",Tue Aug  6 21:23:14 2024,d9af03fcc0defe092836c0a3c3de91a48b8ca2077a1b00381fa26e634faa00cd
456,Is sick... Gonna lay in bed alllll day! ,Tue Aug  6 21:23:14 2024,3a50f6853d8a4b3397625beee8ed765dc49dd5ac4809bced0bc80c2d610c77ed
457,I really don't like mornings...I don't feel so well ,Tue Aug  6 21:23:14 2024,972ff29e7095998b31319c1e1b4fdc30e020230fbbcf2babbd10ac3e73d1904f
458,is at schooooool. havent had no dinner as us girls had to danceee  bad bad times.,Tue Aug  6 21:23:14 2024,ce4ed37026aa5ebfd6b6a4c668f260a118a45e3ae1277903f4651a2aa1b0b747
459,"specially for @kopigao - im leaving 29th Jun, 1950h flight. SQ something to Christchurch. SO NOW U KNOW KAY!  so sad.",Tue Aug  6 21:23:14 2024,5fda0a4bf64b7288d798a2d1681c7ce43a6824f231d5e9ba6f450dc0fcd5efc1
460,Can I get some followers I am new to this ,Tue Aug  6 21:23:14 2024,dc0b2a6bc0761902624d6dafb80adae370d56871ae0d49cf8eb9e645c12e0531
461,@comcastcares just caught wind of the Comcast/Time Warner online portal plans. I pitched the same idea to my company an got shot down ,Tue Aug  6 21:23:14 2024,d90bbabbe2b2221be66f553f8e2b45837a2915c78d64b32bca73053311274543
462,@deathboyuk imagine what they'd have done if she was a Baha'i  if only the UN wasn't such a lame duck,Tue Aug  6 21:23:14 2024,973f17ee2f00efa2425ae40ec0aa7a77f5bd6c697aa97dae0979cdc6e1650c6c
463,http://bit.ly/lpzSP Mine doesn't do this ,Tue Aug  6 21:23:14 2024,5a58384f82328a8af6fa94bbf270d720c0b4a15e99745980daf88ed657e7a5d7
464,Daughter &quot;graduated&quot; from preschool yesterday. So cute and sad when all the kids had to say good bye to each other ,Tue Aug  6 21:23:14 2024,e79809cc63ae8eef4a2fda4f07e2cf8629204e1e86e92966daaf0cf0fef22e60
465,"@markimbriaco  Microsoft is dragging its feet on the inevitable. Don't worry, I'll find a way to make it happen.",Tue Aug  6 21:23:14 2024,3e59c70a31377049b60b4ce89473c0c8004ec6b2248fdd5dc32a075dac190da8
466,is a potential swine flu candidate... uuugh. im missing 2d classes  wrong timing naman.,Tue Aug  6 21:23:14 2024,783e881000f73552236b75027fe34e3e0f7121a429c8491e4c934d2484570cca
467,is going to the grad thing this afternoon.  don't know why,Tue Aug  6 21:23:14 2024,e4b0ccbd2d7b9b8e55fc93433db93c97aff598e3f6ff2170670287369dec0a96
468,Almost time to go home  Not much left from my Transformers induced good mood.. I'm mostly tired now &amp; cold...it's raining again (still) ,Tue Aug  6 21:23:14 2024,376123d0b4f7217023f8130a4abd06739bb6a911036858b1cb5cba6c09dad603
469,"@JessObsess I think he might  And hey, smemma can change! haha",Tue Aug  6 21:23:14 2024,a55b4ad266433d775fd85ba1a0353a03f084822357cff67811e5f278f300174c
470,I just wasted 3 hours due to bad form usability (italian passport renewal form = horrible) - life is too short for bad usability people! ,Tue Aug  6 21:23:14 2024,4b63e77b25fc3328c6c8cbb54732f73a4e9b9acea80e675679849f9e0de7a380
471,"Ended up doing the tai chi, pilates and yoga class at night, but not after getting extremely sunburnt!!! OUCH! ",Tue Aug  6 21:23:14 2024,a7c06f54fa9a2fd24d20ead1ef36f8b20f29848120dd4984d8a10627fb0a4472
472,"@Footdr69 OhhhH!!    Anbosol, stat!",Tue Aug  6 21:23:14 2024,1cf5d97ee39b089cf7202f0869846ed08f07bf51c2407660f324c7a240847d38
473,got woken up and can't go back to sleep  people need to realise i can't fall back to sleep if woken up.,Tue Aug  6 21:23:14 2024,bda9f6309213a0e6e060b2f917fb4161e6ff1613fd92e2e50a649d63b16af656
474,I wore my red flats to work today so i could magically go home when i wanted. I think theyre broken ,Tue Aug  6 21:23:14 2024,5ad74721fe9bb0e389f9b64b488670dc79cdc604a7c055e53615e15045a62dcd
475,@ekrelly   notto  the  no rehab thing,Tue Aug  6 21:23:14 2024,d50a705788aec4a30cd0388d21e8e3676814bdfc76486962b9789dcba0a12a3e
476,My roommate just left me!!! It's lonely city!!! ,Tue Aug  6 21:23:14 2024,c53a3130bb6fbbfd3dec8ae0f8b54b1b33fc07f34ad4c5c3f466fcba8271e0b0
477,When I planned my costume for Sunday I didn't plan on having to cover it up with a rain coat ,Tue Aug  6 21:23:14 2024,2b2fb51305e7b0b69db2a35a80c8f8180f99f0797a7419cd86fe8422a2307c76
478,"@MerryLark yeah, I can't seem to find a reliable source to determine if kiwi really is ok. Tweets from iran are on a serious decline ",Tue Aug  6 21:23:14 2024,5f07d390310d45d4da36d47b4e447df2f2cafc563c3af69f3e4bd966afa54253
479,Wowzers I don't feel good today.  And I didn't even do anything silly last night to feel so crappy! ,Tue Aug  6 21:23:14 2024,bd8e57c906a701a07f60399de724aab3657c338307c02e2e006908e1d7964650
480,Gym ! Then Working eight hours  so excited to sleep tonight!!,Tue Aug  6 21:23:14 2024,57d7d01696184e7e25194f9e7696eac442e0a04d93cd75eee8377c98db091769
481,"I'm sad because my brother is moving away today  and I have to see him off at the airport, must remember to take tissues! I'll miss him x",Tue Aug  6 21:23:14 2024,931c51dea78a0b3f36598aeedf53e6ef685bbe116f25e144fd41c9e4d8e4a0e4
482,@NinaCSch I try to ... but the moment my thesis is freaking me SO out ,Tue Aug  6 21:23:14 2024,ef726102ec47fd3518f0ff7b31692a6776cc8d1bc0060f51d177e06a3f242d47
483,"Why Youtube, why? It's all gone wrong since Google took over  http://bit.ly/15Jned",Tue Aug  6 21:23:14 2024,dfd55197137f5d6b7453a8908da927508fa54202b503b69d608b21a5222e4e90
484,Good Morning! Only got 4 hours of sleep last night ,Tue Aug  6 21:23:14 2024,3c8bb2995dfd2c4143349e6d51d5f4c32f0eb8751b437d55bce32aeb9bc9afee
485,@dallas_news Happy Thursday! No relief for us here  YIKES 100 try to stay cool,Tue Aug  6 21:23:14 2024,4c381def8bde030f6269a7f00c8ef65a829c6c0ad8286aab970794320c273268
486,@Pinklilycat Bacon sandwich with cream though? Ugh ,Tue Aug  6 21:23:14 2024,b4438c65ef922b86c99fdae02ff3d7b07e23bf2793c0462d4f67514d7a8805e0
487,Listening to Forever and For Always from Shania Twain album Up! ,Tue Aug  6 21:23:14 2024,8f4f215e1d219052e36b24f405f09de754939c967573497e5c1d645e231772a6
488,Waiting on phone repair man. Hoping to have my phones working soon  Also praying this is a better day,Tue Aug  6 21:23:14 2024,ad54a2ad1d0de4789fdbfac366e68e56cacdd5dfaabda044f08c39e11fd3755a
489,@jenn_ski i saw it too but it disappeared again... ugh! ,Tue Aug  6 21:23:14 2024,c471f0f8f147a6f803b66bc7de5922c4ea8ac6fd94e948c5f994aeb96b9c02e1
490,Optus website is down. I'll have to buy my new iPhone 3G S 32GB on Friday morning.  ,Tue Aug  6 21:23:14 2024,3ae5b91f0986398a960fdfbc256fd396f19f625a72d5b932f5425e3339598791
491,"JEALOUS that I am inside at work instead of outside, in England, at Glasto ",Tue Aug  6 21:23:14 2024,ec43d640cea537f3753ad020ff0d8e62c95d370258dc20e42661311af66806fb
492,Awake. Leaving for work. Totally shitty night because of no sleep. New room/bed. This is why I don't spend the night places.  ,Tue Aug  6 21:23:14 2024,652e3064154b37db231935f12948ed0b196a795b59f97cd723240bac6e1ea56d
493,@ucf0503 lucky u! im already at work ,Tue Aug  6 21:23:14 2024,163eb07c655019ff988964a5929ab96ee72acd3da00f68f208309e7d3c1a82ee
494,@myasmine stole? After I let you fire an air barrel for your money back? I'm hurt ,Tue Aug  6 21:23:14 2024,045b94257149df2d6809fd4afb25955a12a02fc2d8df40083dad1e5b2933feab
495,@cosmodaddy  thanks. i think i had that until recently. it's so annoying. i can't twitter without a good phone app ,Tue Aug  6 21:23:14 2024,10e1170fec8bb221f3ff3e933e0500ce1833d5f2385ca2af52fe1f0e3f7f4ab3
496,"Ãi thi vá»i cá»­ , tÃ´i cÃ²n 5 mÃ´n ná»¯a má»i xong. Cháº¿t tiá»t cÃ¡i mÃ´n VÄn báº£n lÆ°u trá»¯, tÃ­nh hÆ°á»ng ngÆ°á»?i ta tá»i nghiá»p VÄn thÆ° hay sao chá»© ",Tue Aug  6 21:23:14 2024,5a750e808b36e322bd7eb9ccd7d65d0ec7dfde647dfde02d2e9095db1eb6d57e
497,"N95 has gone to Nokia, will be gone for at least 3 weeks ",Tue Aug  6 21:23:14 2024,3083b40908eb8bc8e9f8c704d9ef5d71fbd6b15afeb8ad38b6ca9e5b80ce0d0e
498,currently addicted to the tennis....... wishing i was at glastonbury though ,Tue Aug  6 21:23:14 2024,a28a1b3dd65bc052041c7aee30f4bf63607c4871088f67cbae4960bf16339eb5
